ID,First Name,Last Name,Gender,Address,City,Phone,Email,Status
1,Lelia,Fadel,male,784 Juanita Vista,Robelborough,501-295-843,Crawford.Stiedemann@yahoo.com,
2,Beulah,Jast,female,07253 Kunze Shoals,North Gabeboro,501-507-693,Daron79@hotmail.com,
3,Norris,Deckow,female,5120 Schaefer Knoll,South Jevon,501-700-374,Humberto26@hotmail.com,
4,Alexandria,Champlin,male,6233 Delphia Ranch,Fort Vancefort,501-193-019,Jermey_Fadel32@hotmail.com,
5,Caroline,Gorczany,male,09622 Asa Court,West Erica,501-643-796,Maryam47@gmail.com,
6,Bailee,Cummings,male,9152 Brook Station,Kendale Lakes,501-126-762,Kennith.Conn58@hotmail.com,
7,Alverta,Graham,male,36566 Ashtyn Via,Bristol,501-678-376,Zola_Johnson31@gmail.com,
8,Reed,Hauck,female,48713 Feil Ports,San Bernardino,501-222-778,Kailee_Anderson73@gmail.com,
9,Vilma,O'Connell,male,21392 Kaci Rue,Danielcester,501-234-801,Victoria91@gmail.com,
10,Carmela,Turner,female,200 Kuphal Glen,Fort Sterlingtown,501-834-496,Deondre10@yahoo.com,
11,Larissa,Lehner,male,357 Durgan Coves,North Henryport,501-979-592,Tomasa.Kuphal13@yahoo.com,
12,Harold,Christiansen,female,472 Keyon Highway,Arden-Arcade,501-752-672,Mathew98@hotmail.com,
13,Coby,Rath,male,74816 Fisher Turnpike,North Cathryn,501-708-310,Brayan_Parisian@yahoo.com,
14,Austen,Koch,female,82133 Lynch Circles,South Marilieville,501-451-858,Ashly_Turcotte@gmail.com,
15,Rocky,Boehm,female,566 Koepp Grove,North Rashawnside,501-951-580,Chasity_Dach99@gmail.com,
16,Scotty,Kozey,female,423 Dominique Parkways,Toneychester,501-385-431,Jamie_Schumm@gmail.com,
17,Emmanuelle,Zboncak,female,998 Halvorson Run,Keyshawnbury,501-470-385,Adonis47@yahoo.com,
18,Leonel,Swaniawski,female,30361 Tremaine Roads,Klingboro,501-729-775,Ima40@yahoo.com,
19,Kristopher,Lemke,male,9698 Anya Overpass,McClurebury,501-198-686,Kenyatta_Goyette@gmail.com,
20,Joelle,Schuster,male,5641 Predovic Trail,South Alvertatown,501-397-673,Orion.Nienow@yahoo.com,
21,Lelah,Kuhlman,female,45615 Meta Grove,Thomasview,501-448-547,Virginie.Hermann56@gmail.com,
22,Harold,Buckridge,female,5664 Easter Keys,West Ernest,501-276-198,Ethel83@yahoo.com,
23,Yasmeen,White,male,58550 Johathan Forges,Burnsville,501-709-264,Jillian_Leuschke84@yahoo.com,
24,Jadon,Schimmel,male,454 Cartwright Trafficway,Greensboro,501-352-200,Rodrick_Beer@gmail.com,
25,Randall,Hilll,female,944 Deondre Flats,Lake Adolphport,501-419-117,Torrance.Weber93@yahoo.com,
26,Giles,Mertz,female,9360 Rylan Bridge,Kundeland,501-208-441,Elwyn_Blanda@yahoo.com,
27,Astrid,Fisher,female,51031 Randall Villages,Fort Skye,501-227-553,Oceane94@yahoo.com,
28,Dana,Larkin,female,6103 Alfreda Crossing,Lewisville,501-531-151,Urban.Green48@hotmail.com,
29,Kylie,McClure,female,754 Fern Valleys,Mansfield,501-560-999,Durward_Spencer@gmail.com,
30,Mario,Emmerich,male,207 Arnold Flats,Lake Jaida,501-086-789,Leonard.Beier84@hotmail.com,
31,Malvina,Monahan,female,98416 Lilian Ridge,Silasbury,501-615-479,Kaylin79@gmail.com,
32,Marianna,Welch,male,23625 Gwendolyn Springs,New Carolina,501-191-069,Kip.Schaden85@hotmail.com,
33,Queenie,Daugherty,male,587 Kiehn Row,Fort Arnoldtown,501-757-418,Andre42@hotmail.com,
34,Nat,Schiller,male,9137 Janiya Extensions,Knoxville,501-368-420,Flavio58@hotmail.com,
35,Lourdes,Stroman,female,463 Berge Walks,Port Shayne,501-609-828,Chadd72@hotmail.com,
36,Otilia,Glover,male,1591 Kub Greens,Boston,501-966-227,Clinton.Fay@yahoo.com,
37,Diana,Mitchell,female,0070 Myah Gardens,Pembroke Pines,501-387-540,Madilyn_Ebert@yahoo.com,
38,Janick,Upton,male,1357 Osbaldo Forges,Port Lutherburgh,501-417-726,Joshuah_Waelchi@yahoo.com,
39,Lennie,Fay,female,42983 Ruecker Unions,Riverside,501-621-542,Maxie77@yahoo.com,
40,Abbigail,Beatty,male,109 Treva Orchard,Claraview,501-543-972,Toni.Kuhn@yahoo.com,
41,Verda,Sporer,female,148 Zulauf Mews,Camden,501-205-551,Cedrick.Thompson@gmail.com,
42,Garrick,Rohan,female,77799 Kirlin Drive,New Lillastead,501-213-503,Wilbert.Von40@hotmail.com,
43,Barry,Weissnat,female,5518 Lura Lodge,Port Camilaland,501-413-767,Frieda.Gerlach@gmail.com,
44,Dewayne,Yost,female,289 Gregory Lakes,West Stefanie,501-984-150,Michaela.Gibson93@yahoo.com,
45,Britney,Rau,female,042 Dawson Manors,East Geraldinemouth,501-715-959,Dawson.Keebler28@yahoo.com,
46,Travis,Marks,male,965 Turcotte Burg,Schummshire,501-125-510,Nicolette50@yahoo.com,
47,Jaunita,Monahan,male,52188 Mariah Radial,Missouri City,501-266-800,Grover_Waters@gmail.com,
48,Skyla,Robel,female,634 Salvatore Fords,East Austinstad,501-257-222,Mariam.Dickinson@hotmail.com,
49,Michaela,O'Kon,male,543 Dedric Spur,West Reilly,501-662-827,Jerome.Hansen@gmail.com,
50,Genoveva,Haag,male,043 Lockman Crescent,East Christina,501-002-927,Elmo.Williamson@yahoo.com,
51,Mallory,Franey,male,4412 Daniel Coves,South Omerside,501-185-799,Emma85@yahoo.com,
52,Valentine,Stroman,female,5150 McClure Land,Richiebury,501-982-192,Florence_Nolan62@hotmail.com,
53,Marilie,Kihn,male,57057 Triston Rest,New Antwanhaven,501-603-430,Napoleon_Goyette10@hotmail.com,
54,Fabiola,Yundt,female,908 Runte Parkways,Lennaborough,501-035-986,Janae.Ritchie@gmail.com,
55,Tate,Dibbert,male,8789 Chance Shoals,Lake Adellaboro,501-808-520,Judson_DuBuque6@gmail.com,
56,Richmond,White,male,1804 Dooley Extensions,Fayworth,501-283-397,Neal63@yahoo.com,
57,Leatha,Willms,male,34763 Eula Port,North Lauderdale,501-696-694,Aliyah38@yahoo.com,
58,Margot,Runolfsson,female,50319 O'Keefe Shores,South Carmen,501-233-930,Alec.Kemmer1@yahoo.com,
59,Harmony,Barrows,male,09554 Stokes Tunnel,Bellevue,501-321-540,Itzel97@gmail.com,
60,Gregorio,Klein,male,5173 Fannie Squares,Lynchburg,501-716-578,Donnie.Mueller@hotmail.com,
61,Terrance,Rogahn,male,17650 Carter Course,Port Ayana,501-588-734,Kamron_Kozey@gmail.com,
62,Judy,McClure,female,754 Bechtelar Courts,Lake Lurlineshire,501-772-590,Jermey_Glover@gmail.com,
63,Twila,Gleichner,male,095 Maddison Lights,Schambergerland,501-690-152,Hiram.Kiehn@hotmail.com,
64,Laura,Jerde,female,1731 Hintz Parkways,Lake Angelostad,501-615-755,Eino.Wilderman38@hotmail.com,
65,Alene,Rippin,male,831 Merl Divide,Atascocita,501-390-889,Anderson48@yahoo.com,
66,Nelson,Feil,female,08826 Lowell Camp,Reillystad,501-399-033,Josephine_Walsh42@gmail.com,
67,Brandy,Schoen,male,809 Aufderhar Village,Lake Alanis,501-934-265,Peter62@hotmail.com,
68,Ida,Bechtelar,male,397 Metz Cliff,Lake Daviontown,501-542-647,Zakary.Zulauf@hotmail.com,
69,Allan,O'Keefe,male,64927 Volkman Gateway,West Marcel,501-479-161,Kirsten.Reichert82@yahoo.com,
70,Kaden,Lindgren,male,7484 Erin Camp,Port Henrystad,501-601-620,Terrill7@yahoo.com,
71,Erna,Gottlieb,female,26686 Dooley Way,Lorain,501-560-216,Liana.Waters@hotmail.com,
72,Sid,Kerluke,male,914 Muller Wells,Port Antwan,501-446-239,Eugene.Mills3@yahoo.com,
73,Bonita,Pagac,female,1115 Bergstrom Rest,Leschchester,501-492-029,Frieda52@gmail.com,
74,Koby,Kassulke,male,780 Bernhard Rest,West Davonborough,501-703-846,Lee_Cartwright94@hotmail.com,
75,Letitia,Wisoky,male,93742 Upton Wells,West Seneca,501-014-481,Annabelle98@hotmail.com,
76,Lilly,Kutch,male,889 Powlowski Cliff,Port Kimberlybury,501-833-113,Michaela64@yahoo.com,
77,Niko,Johnson,female,18249 Sarah Cliffs,Hansenland,501-718-449,Emil85@gmail.com,
78,Raul,Nikolaus,male,125 Graham Creek,Gleasonboro,501-594-916,Loma97@yahoo.com,
79,Alvena,Walsh,male,1302 Friedrich Ridges,Kovacekland,501-108-190,Gerard2@yahoo.com,
80,Jaeden,Cole,male,4220 Hessel Trail,Amiechester,501-588-839,Joanne.Dicki@hotmail.com,
81,Edgardo,Kihn,female,6245 Nathan Courts,New Lonnyville,501-146-047,Alena.OConner@yahoo.com,
82,Emma,Ondricka,male,6751 Gislason Island,Lake Sarinafort,501-436-875,Keaton68@yahoo.com,
83,Isabella,Gerhold,female,95795 Angel View,Atascocita,501-572-163,Ava_Hauck8@hotmail.com,
84,Winfield,Wolf,male,039 Grant Viaduct,East Bonnieboro,501-435-491,Mabelle_Kuhlman@hotmail.com,
85,Blanche,Schumm,male,56171 Nelson Freeway,Evansville,501-844-508,Kaylin.McClure89@yahoo.com,
86,Cassandra,Ledner,male,57409 Faustino Ramp,Port Rosalind,501-161-486,Sandrine99@gmail.com,
87,Brain,Wiza,male,09855 Estrella Streets,South Cicerochester,501-999-437,Helena_Bayer85@yahoo.com,
88,Laura,Swaniawski,male,50765 Camila Lights,Schuppehaven,501-636-220,Zoie.Tremblay@hotmail.com,
89,Ariel,Hansen,female,574 Renner Lights,New Narcisoworth,501-283-360,Elinor48@hotmail.com,
90,Danika,Bashirian,male,0657 Hyatt Islands,Edgardomouth,501-398-921,Alyson_Walsh97@hotmail.com,
91,Carlos,Oberbrunner,female,393 Eldred Overpass,West Kristy,501-873-958,Francesco.Spinka@yahoo.com,
92,Zetta,Erdman,male,8619 Heidenreich Point,Davis,501-707-721,Leo_Macejkovic25@hotmail.com,
93,Juwan,Feeney,male,4048 Jakubowski Burg,Breitenbergborough,501-136-714,Don.Harris16@yahoo.com,
94,Jedidiah,Harvey,female,59484 Sonya Meadow,Yucaipa,501-013-710,Michale.Brakus@yahoo.com,
95,Lambert,Roberts,male,6927 Osvaldo Via,Bayonne,501-259-676,Mozelle.Hackett@hotmail.com,
96,Augustus,Green,male,32043 Kilback Ferry,Ernestofort,501-155-950,Larue.Jones@hotmail.com,
97,Rogers,Schuppe,female,13727 Rippin Ford,Merced,501-968-539,Jarrod_Crist10@gmail.com,
98,Adolphus,Crona,male,30810 John Haven,Port Weldonworth,501-277-287,Quinten65@hotmail.com,
99,Joannie,O'Kon,male,2742 Baumbach Rapid,Geovanniport,501-933-600,Madelyn.Shields@gmail.com,
100,Emmy,Welch,male,1889 Nitzsche Dale,Spokane Valley,501-191-041,Hoyt.Konopelski29@gmail.com,
101,Matt,White,female,8733 Tromp Isle,Rancho Cordova,501-157-324,Bessie_Prosacco21@hotmail.com,
102,Samson,Lemke,female,479 Sarai Via,Lonnystad,501-497-903,Jessy_Okuneva6@hotmail.com,
103,Kristofer,Hegmann,male,302 Weimann Garden,Port Octaviaville,501-992-914,Curtis_Stark10@yahoo.com,
104,Elliot,Cummerata,male,6841 Clyde Mills,Thompsonland,501-718-748,Katrina.Lang@hotmail.com,
105,Brook,Hansen,male,29515 Kaela Green,Purdyville,501-974-479,Carroll67@gmail.com,
106,Brandyn,Beier,female,0166 Heber Pass,Mayerhaven,501-736-785,Dimitri_Bartell93@hotmail.com,
107,Gabriel,Grady,female,3251 Elsa Lake,Passaic,501-311-505,Ahmed.Lehner99@hotmail.com,
108,Cathrine,Schulist,male,09350 Tremaine Grove,Pompano Beach,501-167-574,Yessenia.Mayer@gmail.com,
109,Veda,Hills,male,412 Grace Crossroad,New Larry,501-154-253,Kacey83@hotmail.com,
110,Katlyn,McLaughlin,female,90262 Doyle Knolls,Fort Montanaworth,501-137-772,Albin3@gmail.com,
111,Dora,Schaden,male,175 Dickinson Station,Jarretborough,501-724-855,Llewellyn.Satterfield6@yahoo.com,
112,Aidan,Little,male,5681 Marvin Cliff,Roelfurt,501-774-673,Dannie_Medhurst@yahoo.com,
113,Arno,Zemlak,female,5898 Alva Well,Deechester,501-280-262,Jaylon.Graham15@gmail.com,
114,Candace,Thompson,male,69587 Graciela Park,Nienowchester,501-320-725,Oswald38@gmail.com,
115,Bert,Parker,female,246 Jo Branch,San Ramon,501-260-848,Ahmed_Huels@gmail.com,
116,Sydney,Jones,male,436 Block Fort,Wellingtonmouth,501-883-840,Kamren.Simonis9@gmail.com,
117,Darius,Gutmann,male,566 Chanelle Lodge,Lake Otha,501-715-695,Hilda16@gmail.com,
118,Maymie,O'Reilly,male,39770 McLaughlin Junctions,Port Rashadport,501-095-362,Itzel.Gerhold88@yahoo.com,
119,Stewart,Hermiston,female,903 Evie Loaf,Kohlerburgh,501-334-213,Charlie.Boyle@yahoo.com,
120,Anya,Hamill,female,218 Eden Pass,West Mollie,501-348-146,Lemuel72@gmail.com,
121,Oral,Bogan,male,7637 Precious Hill,East Sylvestertown,501-819-269,Carole_Toy@gmail.com,
122,Esteban,Will,male,6599 Ernesto Trail,Port Green,501-441-800,Antonetta_Cole48@yahoo.com,
123,Minerva,Franey,female,8688 Halvorson Loop,West Gregory,501-982-478,Dusty_Stehr@hotmail.com,
124,Lafayette,Becker,male,281 Lawson Valleys,Port Cathrinestead,501-670-681,Sonia_Haley@gmail.com,
125,Brad,Jones,male,086 Werner Fork,North Heber,501-617-537,Isac4@gmail.com,
126,Carmela,Halvorson,female,969 Natalia Bypass,Arlington Heights,501-603-242,Timmy.Kertzmann@hotmail.com,
127,Jennyfer,Christiansen,male,87310 Gennaro Crossroad,Fisherborough,501-193-827,Winona.Grant@gmail.com,
128,Pamela,Miller,male,4882 Ratke Station,South Maziefort,501-123-064,Jerrold.Willms@yahoo.com,
129,Kelvin,Grady,female,038 Jeffry Point,Lake Nolan,501-498-575,Gino_Little7@hotmail.com,
130,Keyon,Bayer,female,5937 Quigley Station,Fort Keiracester,501-988-086,Clifton.Sporer@yahoo.com,
131,Arnoldo,Runolfsdottir,male,6146 Hessel Viaduct,Alexanderport,501-130-138,Aaron_West@yahoo.com,
132,Marques,Douglas,male,8148 Skiles Field,Krystalchester,501-205-958,Neoma.Baumbach@hotmail.com,
133,Vickie,Hodkiewicz,female,718 Kaitlin Glen,New Franz,501-662-157,Felicita_Hickle@gmail.com,
134,Dasia,Thompson,female,1707 Helene Rapids,New Amiya,501-585-308,Ayden_Huels35@gmail.com,
135,Tremayne,Marks,female,1968 Elton Hills,Jackcester,501-039-361,Virginie_Ortiz@gmail.com,
136,Gisselle,Wolff,male,96472 Larkin Streets,Lake Lavada,501-158-497,Keshaun_Rutherford@hotmail.com,
137,Timmy,Graham,female,82633 Bayer Dam,Okunevaville,501-390-126,Mike_Kunze4@hotmail.com,
138,Cayla,Reinger,female,346 Joy Estates,O'Connerboro,501-581-139,Genesis.Crona@yahoo.com,
139,Sharon,Howell,male,97116 Trantow Falls,Fort Johnpaul,501-581-307,Desiree.Schaefer37@hotmail.com,
140,Destiney,Dooley,male,3948 Ritchie Mills,Lambertfort,501-211-746,Cleveland_Durgan@hotmail.com,
141,Charity,Walker,female,120 Bo Causeway,South Kenberg,501-472-860,Mohammed41@yahoo.com,
142,Ana,Stehr,male,620 Chance Vista,Port Gregorio,501-149-715,Sarah65@hotmail.com,
143,Blaise,Walter,female,5661 Merl Estates,Noreneberg,501-315-286,Mireille_Walter39@yahoo.com,
144,Hayden,Oberbrunner,male,0349 Jose Harbors,East Myron,501-631-011,Phyllis_Roberts@hotmail.com,
145,Kattie,Dibbert,female,82235 Franz Club,Fort Marcworth,501-787-707,Myrtice_Yundt42@gmail.com,
146,Rollin,Carter,female,4613 Garrick Keys,Dellstad,501-800-041,Dallas_Cummerata@hotmail.com,
147,Monserrat,Altenwerth,male,31887 Tyson Avenue,Alexandrinestad,501-407-135,Viola95@yahoo.com,
148,Eleonore,Erdman,female,76413 Kreiger Drive,Florinestad,501-296-122,Keara_Daniel50@hotmail.com,
149,Johnnie,Farrell,male,22133 Mozelle Meadows,Fort Alveraview,501-947-089,Eli.Weimann75@gmail.com,
150,Sean,Considine,female,170 Roberts Flat,South Lloyd,501-244-968,Jedediah.Grady30@gmail.com,
151,Jamar,Robel,male,29502 O'Hara Lights,New Chesley,501-022-762,Eulah_Ratke@hotmail.com,
152,Marisa,Rutherford,female,906 Shanelle River,Dothan,501-212-004,Cordelia.Leffler68@yahoo.com,
153,Dalton,DuBuque,male,673 Alexandra Forge,Huelsstead,501-256-422,Meghan17@yahoo.com,
154,Candice,Hegmann,male,19735 Domingo Estates,Sandystad,501-958-589,Nicklaus.DuBuque12@yahoo.com,
155,Milan,Schmidt,male,47391 MacGyver Underpass,Hauckberg,501-960-951,Alanna26@hotmail.com,
156,Cali,Borer,male,992 Cassin Crossing,Barnstable Town,501-251-596,Trent60@yahoo.com,
157,Neva,Kemmer,male,84671 Marc Green,Fort Callie,501-537-555,Alexandria54@yahoo.com,
158,Destany,Okuneva,male,3269 Roob Forges,South Leifcester,501-948-853,Anne_Bailey30@hotmail.com,
159,Adriel,Ruecker,male,70056 Beth Run,East Roselyn,501-363-434,Jennifer_Cummings80@yahoo.com,
160,Cali,Bahringer,female,42879 Schuppe Junctions,West Cortneychester,501-903-367,Blair.Pacocha55@hotmail.com,
161,Christy,Armstrong,male,3612 Jast Hill,Tustin,501-098-402,Dustin.Zboncak23@gmail.com,
162,Stephania,Koepp,female,7510 Gutkowski Place,Darienburgh,501-435-878,Marian_Grimes76@hotmail.com,
163,Joany,Fay,male,03809 Rory Crossroad,Ferrychester,501-281-318,Novella_Gleason@yahoo.com,
164,Liliane,Oberbrunner,female,004 Ledner Ranch,Lake Brittany,501-877-056,Megane43@yahoo.com,
165,Jerry,Mills,male,236 Alverta Neck,Rosemead,501-772-871,Duane.Green@yahoo.com,
166,Merle,Ernser,female,7267 Dessie Flat,Anneland,501-017-987,Brandon_Stroman98@yahoo.com,
167,Tiana,McKenzie,female,135 Francesca Points,Fort Shanychester,501-941-504,Jaylin_Rutherford12@gmail.com,
168,Velda,Klocko,female,236 Ledner Union,San Leandro,501-910-223,Ariane_Prohaska@hotmail.com,
169,Brant,Brakus,female,11741 Greenholt Hill,Lake Oliver,501-612-589,Sydnee.Kuhlman@yahoo.com,
170,Aron,Kemmer,male,54131 Dach Ramp,Hintztown,501-276-227,Eloisa_Balistreri39@gmail.com,
171,Shaylee,Purdy,female,97677 Mante Unions,Doyleboro,501-481-961,Shad25@gmail.com,
172,Cordell,Lakin,male,5174 Luisa Lakes,South Margarette,501-700-987,Natalia6@yahoo.com,
173,Cordell,Hodkiewicz,male,3718 Ephraim Manors,Terryworth,501-345-491,Osvaldo22@hotmail.com,
174,Khalid,Bartoletti,male,555 Katelin Point,Henderson,501-495-482,Kavon69@gmail.com,
175,Daphne,Denesik,female,0619 Cassandre Orchard,Evaview,501-826-653,Lewis_Pouros65@hotmail.com,
176,Charity,Wiegand,female,2866 Jones Villages,Pontiac,501-589-619,Hope53@gmail.com,
177,Rosie,Prosacco,female,367 Farrell Field,New Lorenz,501-794-378,Magdalen.Jakubowski35@yahoo.com,
178,Glenda,Bechtelar,female,35325 Sim Hill,Boganport,501-958-335,Nova.Homenick14@gmail.com,
179,Myah,Koch,male,05536 Padberg Lodge,South Luciennecester,501-468-716,Emery_Klocko@hotmail.com,
180,Marquis,Welch,male,1468 Zakary Dale,Lake Mohammedchester,501-309-634,Cedrick15@yahoo.com,
181,Jordy,Adams,female,328 Mariah Trace,Caguas,501-172-406,Lindsay.Von23@yahoo.com,
182,Rosanna,Goldner,female,56196 Wunsch Way,Fort Eliasstead,501-226-419,Helene2@gmail.com,
183,Felicita,Hyatt,female,112 Reynolds Drive,Ronworth,501-031-795,Crystel.Casper@gmail.com,
184,Ronny,Gleichner,male,89504 Franey Spurs,Lakinmouth,501-112-338,Evalyn.Vandervort@yahoo.com,
185,Duncan,Fritsch,male,902 Kemmer Alley,San Angelo,501-134-607,Ephraim_McCullough67@hotmail.com,
186,Frederique,Bauch,female,60496 Schmeler Streets,Terenceport,501-362-335,Gianni_Willms@hotmail.com,
187,Melody,Klocko,female,2281 Hirthe Mill,West Imelda,501-456-940,Keely_Schulist@yahoo.com,
188,Alessia,Legros,female,2987 Zemlak Overpass,Port Bradly,501-990-476,Tia.Marks@yahoo.com,
189,Zaria,Bailey,female,021 Friesen Landing,South Luigi,501-179-661,Reginald4@hotmail.com,
190,Lyda,Pouros,female,667 Feil Ridge,West Ezequiel,501-464-027,Maureen_Reinger@gmail.com,
191,Dorthy,Gutkowski,male,94282 Hoppe Mall,Tristianstad,501-311-676,Kaleb_Zboncak25@yahoo.com,
192,Marley,Carter,female,094 Idell Isle,Wellington,501-932-909,Oscar_Von86@hotmail.com,
193,Milan,West,female,0768 Treutel Course,Stiedemannborough,501-595-110,Arely76@yahoo.com,
194,Aurelia,Hamill,male,555 Nader Burg,Laurencefurt,501-494-891,Omari16@yahoo.com,
195,Wayne,Fritsch,male,5230 Sipes Mount,Westminster,501-497-347,Joyce.Mann43@gmail.com,
196,Lina,Kris,male,683 Maribel Grove,Fort Delbert,501-554-779,Judy_Mueller72@yahoo.com,
197,Nestor,Heller,female,601 Darrion Dale,Fayberg,501-185-701,Adrien_Reynolds@yahoo.com,
198,Franco,Carroll,female,46236 Petra Circles,West Kadinville,501-995-044,Johnathon_Reilly41@hotmail.com,
199,Mae,Halvorson,female,4438 McClure Loop,Connietown,501-615-105,Judson_Hoeger92@yahoo.com,
200,Gregg,Thompson,female,01741 Vandervort Tunnel,Leschworth,501-373-768,Vanessa45@gmail.com,
201,Eloise,Runte,female,057 Clementina Causeway,Flower Mound,501-533-565,Damion_Veum51@yahoo.com,
202,Aniya,Heller,male,90232 Noemy Mission,West Albina,501-801-158,Grover_Raynor41@yahoo.com,
203,Sarah,Mills,male,64597 Dariana Spurs,Port Chaya,501-376-420,Grayson.Sanford0@yahoo.com,
204,Athena,D'Amore,male,730 Lucious Shore,Friesenshire,501-273-588,Pamela.Morar96@gmail.com,
205,Cleveland,Gleichner,female,425 Marvin Wells,Peoria,501-371-770,Triston_Lemke@yahoo.com,
206,Jasmin,Bechtelar,male,08320 Bechtelar River,Kuhlmantown,501-020-018,Clementina.Kuvalis@gmail.com,
207,Meta,Gorczany,female,717 Vergie Isle,Fort Earlhaven,501-400-786,Estevan78@yahoo.com,
208,Travon,Turner,male,9729 Haleigh Radial,Wilberstad,501-051-644,Roxanne.Gusikowski@gmail.com,
209,Carmela,Schumm,male,73398 Thiel Park,Palm Desert,501-315-918,Javonte_OReilly57@yahoo.com,
210,Merritt,Hegmann,male,755 Rebekah Dale,North Little Rock,501-806-282,Laurie_Russel4@gmail.com,
211,Vincent,Dickens,female,442 Stroman Loop,Clayberg,501-074-170,Winston41@yahoo.com,
212,Kraig,Bartoletti,female,482 Kennedi Freeway,High Point,501-416-456,Arden.Kertzmann@yahoo.com,
213,Kristin,O'Connell,female,79825 Viola Stravenue,Logan,501-074-583,Jed56@yahoo.com,
214,Halie,Rice,female,3556 Jerad Street,Thurmantown,501-275-903,Vallie_Ankunding@hotmail.com,
215,Mireille,Conroy,male,8156 Mertz Lane,Ashleystad,501-260-514,Rylan.Rosenbaum27@hotmail.com,
216,Owen,Koepp,male,52895 Diego Highway,Daughertyside,501-848-708,Bridgette_Jerde68@hotmail.com,
217,Virgil,Christiansen,female,17800 Mikel Union,North Cayla,501-870-729,Carroll.Bradtke@gmail.com,
218,Rosalinda,Mante,male,4878 Chester Highway,Prestonworth,501-729-454,Alva19@hotmail.com,
219,Braeden,Grimes,male,896 Alfred Island,Cheektowaga,501-942-683,Vance.Lowe@hotmail.com,
220,Estella,Simonis,female,3563 Tremblay Overpass,Maximechester,501-360-341,Unique.Lueilwitz@yahoo.com,
221,Ethel,Stanton,female,483 Gladyce Valleys,Fort Katrine,501-211-585,Tia_Keeling88@yahoo.com,
222,Raleigh,Klocko,female,676 Brakus Hollow,Volkmanport,501-319-510,Montana_Rolfson@yahoo.com,
223,Victor,Kub,female,6683 Arno Cove,Lake Haylieland,501-850-459,Catharine68@gmail.com,
224,Baron,Murazik,male,894 Lorena Gateway,New Zacherystead,501-006-757,Olin.Kunde94@hotmail.com,
225,Gennaro,Pacocha,male,052 Mattie Fall,Rogerborough,501-214-267,Sven.Howell@yahoo.com,
226,Aida,Kuhlman,female,76851 Greenfelder Garden,Braedenville,501-614-051,Rosalyn62@hotmail.com,
227,Boyd,Considine,male,3791 Becker Isle,Logan,501-150-608,Kamille_Hermann@yahoo.com,
228,Jalyn,Reinger,male,8624 Hagenes Well,South Gate,501-256-931,Keagan79@gmail.com,
229,Eulalia,Koss,male,315 Adams Parkway,Strosinfort,501-858-367,Keagan.Kertzmann@yahoo.com,
230,Lonie,Cruickshank,female,69085 Fabian Lodge,Lake Keyon,501-385-520,Jerald61@yahoo.com,
231,Herta,Ward,male,149 Humberto Branch,Ortiztown,501-398-203,Cordell_Bashirian@hotmail.com,
232,Suzanne,Kautzer,female,07234 Mayert Drives,Kesslerside,501-799-132,Berta.Lubowitz@yahoo.com,
233,Domenica,Roob,male,390 Deckow Forks,Lemuelbury,501-117-213,Eusebio.Conn65@yahoo.com,
234,Eveline,Prohaska,female,74582 Thompson Bypass,South Rubenshire,501-899-345,Wendell_Boyle51@hotmail.com,
235,Valentine,Lind,male,99960 Idell Rapid,Lake Jany,501-339-822,Electa_Tillman91@yahoo.com,
236,Jean,Hamill,female,44017 Mueller Crossing,Hutchinson,501-333-345,Sammy.Fahey@yahoo.com,
237,Rolando,Mohr,male,88240 Everette Burg,West Sarai,501-028-970,Adriel64@yahoo.com,
238,Darron,Daugherty,female,515 Crist Lakes,Salmaland,501-448-621,Deontae_Kuvalis@gmail.com,
239,Ariane,Casper,male,318 Rosalinda Loop,Apopka,501-726-648,Orion_Bednar@yahoo.com,
240,Orlo,Jacobson,female,21033 Koch Camp,Kshlerinside,501-631-571,Seth.Quigley@gmail.com,
241,Randal,Sipes,female,80247 Fanny Walks,Fort Nehaside,501-806-796,Marietta.Hagenes73@yahoo.com,
242,Buster,Quitzon,female,98371 Pearlie Cape,Westminster,501-530-058,Maureen_Koepp@hotmail.com,
243,Darren,Emmerich,female,27591 Samanta Views,Malachiland,501-663-493,Frederic93@gmail.com,
244,Troy,Miller,female,595 Layne Greens,Vonview,501-776-619,Lee_Huels@gmail.com,
245,Abdullah,Jacobi,male,01245 Dena Gateway,Great Falls,501-653-892,Walker.Bailey@hotmail.com,
246,Hassie,Labadie,male,330 Kulas Extension,Port Efrenfort,501-689-380,Kayli4@hotmail.com,
247,Perry,Labadie,male,4116 Candido Forest,Starkview,501-512-278,Myrtice_Nikolaus@yahoo.com,
248,Cleo,Heaney,female,880 Gibson Light,Trompberg,501-284-680,Dawson_Witting@yahoo.com,
249,Shanna,Gutmann,male,5394 Morris Points,South Suzanne,501-457-094,Madyson.Hills88@yahoo.com,
250,Avis,Bogan,male,18908 Trace Stream,North Marisolstad,501-622-921,Ansley45@hotmail.com,
251,Clair,Bergstrom,male,09686 Weimann Loop,Camarillo,501-397-355,Bernie.Rosenbaum@gmail.com,
252,Royal,Weissnat,female,50043 Corine Lane,East Jodybury,501-178-424,Isaac_Padberg@gmail.com,
253,Emile,Senger,female,55523 Mayert Ridges,Whitneycester,501-852-357,Mylene.Thompson@hotmail.com,
254,Lourdes,Larson,female,2563 Henri Trail,Darrionfurt,501-580-728,Madge_Farrell@yahoo.com,
255,Brandt,Huels,male,33972 Issac River,East Lavonstad,501-028-648,Salma23@hotmail.com,
256,Abigale,Reynolds,male,9874 Little View,Wiegandport,501-897-246,Clotilde42@hotmail.com,
257,Giovani,Rolfson,female,98045 Lauretta Cove,North Oren,501-426-843,Laurie50@yahoo.com,
258,Hailey,Beier,male,03503 Andrew Rapids,Melbourne,501-515-870,Winifred51@gmail.com,
259,Zoie,Heaney,male,355 Wyman Overpass,North Haleighcester,501-988-765,Donna_Beatty41@gmail.com,
260,Tod,Ledner,male,1616 Agnes Land,Lehnerfort,501-608-761,Elissa40@gmail.com,
261,Arlene,Tromp,male,0365 Kshlerin Dale,Delphineside,501-776-428,Favian.Walsh@hotmail.com,
262,Renee,Kub,female,235 Jazmyn Ridges,Port Alfredo,501-149-824,Sheila.Watsica@gmail.com,
263,Jesus,Hyatt,male,540 Hauck Burg,Susanmouth,501-984-064,Osvaldo_Osinski@yahoo.com,
264,Geovanny,O'Connell,male,1500 Hailie Radial,Mohammadport,501-661-818,Tony48@yahoo.com,
265,Miller,Mante,female,50385 Raheem Turnpike,North Adele,501-013-011,Brandyn81@hotmail.com,
266,Etha,Feil,male,786 Sabryna Spurs,Greeley,501-344-144,Cleveland80@gmail.com,
267,Hester,Hackett,male,621 Rosalind Inlet,Port Darrelport,501-290-890,Thora.Russel@hotmail.com,
268,Carroll,Kerluke,female,371 Legros Trafficway,West Josefinaboro,501-390-540,Antonetta_Carroll56@gmail.com,
269,Laney,Schaden,male,04175 Tillman Viaduct,Toms River,501-371-222,Floy_Schneider@hotmail.com,
270,Jamel,Douglas,male,468 Stone Pine,Breitenbergside,501-968-537,Stephania57@hotmail.com,
271,Fannie,Bahringer,female,0904 Josianne Locks,Lehigh Acres,501-641-384,Gerald87@gmail.com,
272,Simone,Kohler,male,27805 Leffler Meadow,Lake Hayleeworth,501-246-731,Hank.Dooley34@yahoo.com,
273,Katherine,Boyer,female,95816 Lemuel Expressway,Moore,501-240-276,Landen55@gmail.com,
274,Ethel,Considine,female,78347 Wilkinson Parks,East Clarabelle,501-604-276,Deon55@hotmail.com,
275,Oda,Bruen,male,2180 Amelia Skyway,Hermistonstead,501-086-287,Sandra98@hotmail.com,
276,Roslyn,McDermott,female,267 Katheryn Burg,Fort Christaboro,501-190-249,Shad.Reichert95@yahoo.com,
277,Tito,Borer,female,308 Runolfsson Motorway,New Vernieland,501-663-445,Susanna_Bashirian96@hotmail.com,
278,Odie,Schuppe,female,07373 Keeling Village,Schmittfort,501-235-442,Sigurd.Boehm77@hotmail.com,
279,Pauline,Volkman,female,058 Stokes Forks,North Hillary,501-374-450,Eliseo.Lueilwitz83@yahoo.com,
280,Hattie,O'Keefe,male,79703 Gutmann Points,Port Madaline,501-484-543,Maud77@hotmail.com,
281,Gussie,Prohaska,female,9718 Lind Rapids,South Jacynthebury,501-627-217,Jerad_Ziemann@hotmail.com,
282,Rusty,Schmeler,female,163 Johnson Villages,Ryleighside,501-484-444,Aileen27@yahoo.com,
283,Laurence,Hegmann,female,0695 Wilderman Corners,Florenceton,501-993-664,Curtis.Feeney92@yahoo.com,
284,Ila,Murazik,male,2412 Celine Prairie,Cypress,501-191-309,Clara.Grant@hotmail.com,
285,Emmie,Witting,male,4548 Lilla Haven,Springdale,501-437-469,Eli85@hotmail.com,
286,Brittany,Jacobi,female,76812 Huel Ridge,Colton,501-057-092,Gabe_Quitzon54@hotmail.com,
287,Isabel,Doyle,female,94298 Shaylee Brook,East Ervin,501-987-094,Ebony8@gmail.com,
288,Loma,Stroman,male,774 Amelie Canyon,Conroyville,501-403-263,Beverly_West@hotmail.com,
289,Torrey,Hamill,male,56338 Murphy Burg,Jermainburgh,501-184-946,Aracely.Thompson13@gmail.com,
290,Kylee,VonRueden,male,729 Chad Course,Rowlandstad,501-350-346,Monty86@hotmail.com,
291,Stewart,Flatley,female,530 Augustine Ramp,East Nilston,501-939-873,Orlando82@yahoo.com,
292,Eriberto,Schaden,female,020 White Rapids,East Aileen,501-622-299,Bettye_OReilly@gmail.com,
293,Chauncey,Anderson,female,11234 Theodore Knolls,West Julianne,501-232-597,Gustave3@gmail.com,
294,Hailie,Rodriguez,male,139 Hettinger Center,Alainaport,501-821-091,Minerva_Heaney76@yahoo.com,
295,Moses,Gibson,female,66910 Braun Fall,South Clotildestead,501-821-391,Ludwig_Klocko@yahoo.com,
296,Nicolas,Schowalter,female,4784 Tyree View,East Corbin,501-303-999,Chaya.Jacobs@hotmail.com,
297,Dortha,Kunde,female,821 Dolly Points,Garettborough,501-603-699,Scottie5@gmail.com,
298,Delmer,Ferry,male,5248 Harvey Burg,Alysaside,501-114-080,Gail.Hartmann43@hotmail.com,
299,Jordon,Koelpin,female,903 Willms Isle,Lake Gonzaloside,501-753-573,Freddie83@gmail.com,
300,Avis,Stamm,male,057 Kihn Mountain,West Doloresborough,501-369-450,Margarette36@gmail.com,
301,Eleonore,Walter,male,652 Vena Rapids,Goodwinfurt,501-858-672,Sally84@gmail.com,
302,Precious,Langosh,male,68990 Norene Passage,Lake Vergiestead,501-501-678,Graham_Murphy@gmail.com,
303,Kade,Ratke,male,39332 Tierra Junctions,Fort Alaina,501-565-485,Prudence_Armstrong14@yahoo.com,
304,Olen,VonRueden,female,14721 Tillman Green,Huelsville,501-338-787,Kadin_Satterfield@gmail.com,
305,Jaime,Ondricka,male,183 Raul Extensions,East Laury,501-091-148,Sandy.Windler@hotmail.com,
306,Chasity,Pagac,female,84472 Trenton Knolls,Arden-Arcade,501-876-509,June_Marquardt@yahoo.com,
307,Marcia,Kohler,male,55517 Shanahan Villages,Poway,501-324-397,Eliseo.Dibbert@hotmail.com,
308,Olga,Renner,male,48391 Kayli Parkways,Lonnyborough,501-187-309,Thelma34@hotmail.com,
309,Eino,Reynolds,female,49121 Wilderman Fields,New Rozellaburgh,501-862-897,Doyle_Klocko76@gmail.com,
310,Abbigail,Muller,male,0584 Declan Center,Lake Raoulfurt,501-977-566,Allene57@yahoo.com,
311,Odell,Wisozk,female,0206 Dicki Glens,Kemmerborough,501-363-693,Herman.Kuhn75@hotmail.com,
312,Lia,O'Keefe,male,60219 Jarrod Ports,Port Odaburgh,501-891-036,Brooks_Lubowitz@yahoo.com,
313,Anika,Jones,female,014 Fausto Alley,Durham,501-529-099,Alexandro.Schimmel59@yahoo.com,
314,Sammy,Rolfson,female,6135 McDermott Knolls,Israelbury,501-585-807,Amely_OConner81@yahoo.com,
315,Ashly,Olson,male,9125 Tyrique Drives,Kubmouth,501-246-892,Henry.Krajcik83@yahoo.com,
316,Guido,Spencer,male,702 Beahan Trail,Greenwood,501-852-467,Brad.Kertzmann53@yahoo.com,
317,Sigurd,Hoppe,female,8925 Catharine Shoals,Luettgenfurt,501-462-346,Izaiah.Miller65@hotmail.com,
318,Terrance,Prosacco,female,1121 Bayer Centers,Kilbackberg,501-982-481,Marvin.Krajcik62@yahoo.com,
319,Furman,Stoltenberg,female,08632 Leda Loaf,Wylie,501-541-817,Brendan.White9@yahoo.com,
320,Jacky,Friesen,male,104 Connelly Loaf,Erickaside,501-813-978,Tania88@yahoo.com,
321,Erna,Beahan,male,396 Nikolaus Oval,Roobport,501-284-073,Destiney_Heaney@gmail.com,
322,Noemie,Paucek,female,878 Antonia Crescent,Lake Guillermo,501-076-072,Kade.Luettgen28@hotmail.com,
323,Lenora,Yost,female,817 Bergstrom Alley,Swiftfurt,501-721-826,Emmanuelle.Zieme@yahoo.com,
324,Eldred,Buckridge,female,512 Pascale Groves,Youngstown,501-320-128,Ayana_Franecki@gmail.com,
325,Juana,Maggio,female,03735 Roosevelt Ferry,Petraberg,501-854-659,Shanelle.Franecki@yahoo.com,
326,Etha,Kiehn,female,541 Dare Harbor,Krystelhaven,501-886-378,Dejon64@yahoo.com,
327,Winfield,Haag,female,4030 Shea Neck,South Laronburgh,501-022-925,Lukas36@hotmail.com,
328,Lola,Maggio,male,09157 Stanton Terrace,Lake Norval,501-288-462,Jarrod32@gmail.com,
329,Dennis,Howe,female,2582 McGlynn Manor,East Heather,501-015-444,Shemar8@yahoo.com,
330,Curt,Mayert,male,93651 Vivian Park,Yundtborough,501-795-620,Winnifred_Gusikowski@yahoo.com,
331,Nils,Beatty,male,183 Dicki Bridge,Antoniacester,501-331-991,Julien.Zulauf57@hotmail.com,
332,Elsie,Hane,male,6162 Roob Inlet,Wehnershire,501-756-808,Loma_Hane1@yahoo.com,
333,Jermaine,Heller,female,796 Vito Forges,Reichertfield,501-506-670,Gladys_Friesen34@hotmail.com,
334,Ernesto,Yundt,male,56160 Randi Lane,Friesenworth,501-660-365,Talon.Bergnaum@yahoo.com,
335,Aric,Kunde,female,78757 Jovan Circles,West Connie,501-119-081,Jed_Hilll@hotmail.com,
336,Raphaelle,Paucek,female,457 Isabell Valleys,Ozellaworth,501-947-577,Madison_Bednar40@yahoo.com,
337,Claudia,Halvorson,male,765 Lila Rapid,East Eldon,501-237-048,Andres_Gutkowski@gmail.com,
338,Myrtice,Gerhold,male,3394 Dixie Tunnel,Alafaya,501-807-378,Alverta29@yahoo.com,
339,Cali,Schinner,male,2716 Russel Spring,Parisianboro,501-528-645,Hank.Kilback64@hotmail.com,
340,Moises,Pollich,male,0051 Hubert Ports,Gailborough,501-633-453,Mabelle.Krajcik40@gmail.com,
341,Ahmad,Jenkins,male,488 McDermott Mission,Maximestad,501-278-997,Anibal_Gleichner35@gmail.com,
342,Kaylin,Pfeffer,female,0474 Isaiah Park,Ondrickamouth,501-535-446,Aubree_Parker@gmail.com,
343,Brannon,Swift,female,625 Harley Motorway,North Constantin,501-576-376,Wanda20@hotmail.com,
344,Rachel,Hilll,female,91536 Merlin Via,New Davonhaven,501-333-839,Stephany_Kshlerin51@hotmail.com,
345,Karolann,Romaguera,male,8959 Kertzmann Spring,Perryfort,501-905-664,Skye_Ritchie@hotmail.com,
346,Eugene,MacGyver,male,019 Strosin Orchard,Port Derrickshire,501-018-843,Oral_Rippin21@gmail.com,
347,Khalil,Kiehn,male,0869 Hansen Curve,South Darrion,501-170-245,Linda.Cole11@hotmail.com,
348,Brad,Gerlach,female,68853 Roob Junctions,Mertieborough,501-536-313,Kirstin.Prosacco@gmail.com,
349,Aileen,Macejkovic,male,915 Kemmer Streets,Schultzton,501-230-648,Frederique89@gmail.com,
350,Toni,Renner,male,59122 Leanna Land,Lake Tony,501-325-032,Pearl.Carter@yahoo.com,
351,Vernon,Altenwerth,male,0759 Denesik Estates,Eliseofield,501-353-535,Florencio_Gorczany@yahoo.com,
352,Kenna,Spencer,female,41040 Grant Forest,Fort Jaclynborough,501-255-801,Kathleen.Heidenreich@yahoo.com,
353,Alba,Nicolas,female,469 Wyman Fort,Mandyworth,501-770-165,Austen_Ferry35@yahoo.com,
354,Marilie,Howe,female,1190 McCullough Gateway,Devynfurt,501-163-436,Michael_Nader40@gmail.com,
355,Neil,Crooks,female,047 Yundt Corner,Gissellestad,501-127-978,Tre.Veum35@gmail.com,
356,Zetta,McGlynn,male,551 Pacocha Mill,Atascocita,501-678-969,Alberto_Bosco@hotmail.com,
357,Shaylee,Ortiz,female,912 Timmy Mall,East Damian,501-897-168,Mitchell_Pouros@yahoo.com,
358,Erik,Grant,male,9917 Hand Island,Mertzfurt,501-159-151,Sid.Nikolaus36@hotmail.com,
359,Teresa,Rowe,male,462 Strosin Union,Fort Bentonstad,501-352-871,Filomena.Carroll@hotmail.com,
360,Estel,Kuhn,male,20107 Kozey Club,North Lauderdale,501-370-869,Adele_Casper6@hotmail.com,
361,Cicero,Graham,female,3708 Xavier Path,Wylie,501-599-766,Ellen_Rohan32@hotmail.com,
362,Zackery,Franey,female,41653 Kessler Spur,Fountainebleau,501-602-258,Cristal33@hotmail.com,
363,Kevon,Steuber,male,74424 Metz Rue,Medhurstbury,501-188-459,Sage11@gmail.com,
364,Jakayla,Spinka,male,8891 Nicole Ferry,Hallieberg,501-807-744,Lyla_Grimes@yahoo.com,
365,Scot,Brown,female,0293 Marlen Freeway,North Noahberg,501-299-982,Scarlett.Bashirian@hotmail.com,
366,Kaci,Goyette,female,784 Block Parkways,South Loyceberg,501-347-594,Jazmyne_Mante68@gmail.com,
367,Octavia,O'Connell,male,38028 Ortiz Hollow,Armaniview,501-693-232,Roscoe.Luettgen53@gmail.com,
368,Jarvis,Beer,male,503 Barton Junctions,Norrisville,501-587-226,Mikel.Macejkovic@yahoo.com,
369,Brennan,Schowalter,male,952 Hudson Green,Gorczanyborough,501-605-754,Ardella80@yahoo.com,
370,Brando,Kihn,female,431 Hermann Trafficway,East Rory,501-047-364,Alek74@gmail.com,
371,Tess,Kihn,male,467 Little Lock,Fort Khalilhaven,501-764-534,Chandler.Trantow41@yahoo.com,
372,Elbert,Larkin,male,9680 Deckow Estates,Fort Erick,501-871-631,Trace.Walsh89@hotmail.com,
373,Ally,Boehm,male,264 Logan Corner,Fort Trinityland,501-746-766,Shaina_Mills@hotmail.com,
374,Josiane,Bosco,male,31002 Glover Ridges,North Layneland,501-109-562,Merl79@gmail.com,
375,Green,Borer,female,279 Tremblay Ports,North Braulio,501-334-719,Carlotta_Beier9@hotmail.com,
376,Jules,Smitham,male,1954 Gerry Points,Lake Lestercester,501-484-018,Lelia.Hand17@yahoo.com,
377,Dewitt,Stracke,female,6144 Lexie Fort,Vincenzoview,501-293-714,Carmen.Price31@gmail.com,
378,Hank,Heller,male,48150 Kautzer Inlet,Skyestad,501-822-771,Julianne_Homenick39@hotmail.com,
379,Raphael,Keeling,female,53274 Ransom Extension,Kannapolis,501-669-657,Isobel.Wintheiser62@yahoo.com,
380,Allan,Zieme,female,43568 Thompson Radial,Lake Geneport,501-421-773,Ernestine_Sporer@yahoo.com,
381,Charlotte,Kshlerin,female,72384 Wisozk Canyon,North Hershelton,501-549-342,Jonas_Stiedemann@gmail.com,
382,Alexanne,Pacocha,male,2400 Nya Mission,Wizafurt,501-708-251,Wendy95@hotmail.com,
383,Kelsie,Harber,female,3426 Howe Corner,Mercedesborough,501-590-655,Timmothy_Roob@gmail.com,
384,Lavon,O'Reilly,female,790 Bosco Oval,Fort Wilburnhaven,501-326-755,Dan3@hotmail.com,
385,Dessie,Borer,male,18927 Lubowitz Cove,Terre Haute,501-470-860,Charity_Nikolaus@hotmail.com,
386,Talia,Kessler,male,3926 Cristobal Circles,Pittsburgh,501-275-467,Blake12@gmail.com,
387,Unique,Hoeger,male,891 Tromp Passage,Renton,501-248-806,German_Price@yahoo.com,
388,Jordon,Schmitt,female,56053 Sporer Courts,Lavonneberg,501-808-603,Wilma_Schuster@hotmail.com,
389,Wilson,Schaefer,male,0694 Crawford Parkways,South Linneaside,501-919-327,Viva.OConnell39@gmail.com,
390,Lukas,West,male,398 Terence Ridges,New Ursulamouth,501-875-225,Theresa.Grant@hotmail.com,
391,Timothy,Lynch,female,670 Christiansen Mountains,North Sofiaworth,501-505-199,Justice.Lind45@hotmail.com,
392,Gaston,Lesch,female,423 Weimann Fork,North Oriefurt,501-589-907,Amara.Berge@hotmail.com,
393,Colby,Fritsch,male,069 Mallie Circles,Casperborough,501-130-749,Lacy.Kutch3@yahoo.com,
394,Mason,Christiansen,female,88597 Terry Hollow,Melbourne,501-323-236,Emile.Dooley@yahoo.com,
395,Leanne,Heller,male,342 Deion Center,New Rubye,501-121-583,Hassan13@hotmail.com,
396,Terry,Bartell,male,74618 Koch Harbor,West Rey,501-324-734,Abigale.Langosh71@gmail.com,
397,Dawn,Robel,female,213 Mellie Divide,South Jordan,501-343-972,Jeffry20@hotmail.com,
398,Mohammed,Hayes,male,251 Sedrick Ridge,Lake Dayanaville,501-386-848,Britney.Rau26@gmail.com,
399,Margarette,Lehner,male,46779 Wilford Ferry,Lockmanburgh,501-813-680,Theo70@yahoo.com,
400,Jasen,Will,male,3745 Mueller Roads,Zakaryport,501-890-443,Toney17@gmail.com,
401,Yvonne,Beier,female,69365 Keebler Grove,Fort Tremaine,501-657-511,Kailey60@yahoo.com,
402,Victoria,Mann,female,8275 Dustin Falls,Tayahaven,501-181-514,Rosemarie_Pfannerstill@hotmail.com,
403,Maxie,Jast,male,1887 Mante Rapids,Oro Valley,501-273-217,Dorthy5@gmail.com,
404,Abdullah,Batz,male,424 Laverne Rest,Beerbury,501-042-150,Shaun_Durgan89@gmail.com,
405,Arvel,Runolfsdottir,male,474 Waelchi Way,Lake Keven,501-766-993,Cordie.Walsh5@hotmail.com,
406,Chad,Kshlerin,male,8367 Cloyd Spurs,East Garnett,501-849-523,Bert_Mayert3@gmail.com,
407,Leonardo,Glover,female,22143 Hadley Manors,Edenfield,501-352-826,Leslie.Johnson@hotmail.com,
408,Forrest,Bauch,female,76217 Wilderman View,Port Jodyboro,501-668-378,Georgiana_Wehner@gmail.com,
409,Michaela,Leannon,male,70861 Schamberger Road,Walnut Creek,501-555-611,Deshaun_Smitham@yahoo.com,
410,Katelynn,Stanton,male,84179 Emily Causeway,Fort Erica,501-474-272,Hilma_McGlynn@gmail.com,
411,Hugh,Pagac,female,6122 Trisha Corners,New Nonaland,501-929-551,Iliana14@yahoo.com,
412,Kenton,Koch,female,8251 Beahan Cliff,New Rosariostead,501-712-911,Vilma_Cassin85@hotmail.com,
413,Charley,Wunsch,male,7578 Carley Pine,West Oren,501-532-054,Zella.Brekke@gmail.com,
414,Valentine,Haley,female,5662 Charles Trafficway,Boyleberg,501-644-593,Alessandro89@gmail.com,
415,Ephraim,O'Keefe,male,46753 Doyle Corner,Olsonhaven,501-833-246,Soledad29@gmail.com,
416,Percival,MacGyver,female,6084 Hintz Lock,North Barbara,501-516-867,Emanuel10@yahoo.com,
417,Nicola,Waelchi,male,97035 Noe Stream,Lake Rory,501-439-824,Bonnie77@hotmail.com,
418,Jeffery,Rosenbaum,female,607 Jodie Club,West Aracelystad,501-225-644,Webster65@gmail.com,
419,Luna,Reichel,male,49025 Jarrett Flats,Lake Yasmin,501-299-782,Lavina_Howell96@hotmail.com,
420,Rashawn,Breitenberg,female,0268 Douglas Center,South Lane,501-168-194,Alva_Batz@hotmail.com,
421,Wilton,Bartell,female,46708 Aurelio Summit,Sarasota,501-047-599,Melyssa_Bode69@hotmail.com,
422,Stefan,Champlin,female,4220 Giles Crest,Tatummouth,501-189-093,Lonnie22@gmail.com,
423,Saul,Abernathy,female,8348 Hoppe Park,West Ayla,501-973-777,Jorge44@gmail.com,
424,Dewitt,Jones,female,82881 Halvorson Oval,Romantown,501-364-261,Edd.Haag96@gmail.com,
425,Vicente,Paucek,male,11099 Jenkins Drives,North Deanna,501-059-167,Virginia_Trantow37@hotmail.com,
426,Elyssa,Willms,male,53033 Rowland Trace,Spring Valley,501-249-843,Jamel_Volkman@gmail.com,
427,Franco,Kerluke,male,9329 Heidenreich Square,Fort Collins,501-717-146,Ewald.Lehner46@gmail.com,
428,Bell,Boyle,male,3023 Schamberger Way,West Allis,501-418-443,Marianna.Daugherty18@gmail.com,
429,Monserrat,Klein,female,170 Mayert Brooks,Port Othofield,501-885-532,Gregorio.Braun@yahoo.com,
430,Elnora,Lindgren,male,30237 Nicolas Flats,West Allyview,501-113-384,Kris.Schmitt67@gmail.com,
431,Dannie,Douglas,female,4616 Bechtelar Inlet,East Garnettown,501-300-208,Ole16@yahoo.com,
432,Mohammad,Hand,male,562 Witting Point,Marietta,501-080-660,Audie96@gmail.com,
433,Carmel,Stamm,male,788 Haag Club,Brittanyport,501-315-449,Helene54@yahoo.com,
434,Marcelino,Boyle,female,41789 Novella Turnpike,Knoxville,501-254-006,Bettye.Grant98@yahoo.com,
435,Nikki,Tremblay,female,26145 Maribel Loaf,North Gilbertborough,501-950-950,Norwood_Kihn@gmail.com,
436,Salma,Terry,female,71878 Fisher Trace,Gleichnerfield,501-266-699,Nathaniel.Corwin@yahoo.com,
437,Adan,Corwin,female,363 Ernser Locks,Mount Pleasant,501-200-373,Eloy_Nitzsche87@yahoo.com,
438,Torey,Schmeler,female,0864 Cade Groves,Bozeman,501-180-260,Immanuel_Kerluke@hotmail.com,
439,Garth,Dietrich,male,136 Ebert Island,Karlihaven,501-348-972,Fidel_Davis@hotmail.com,
440,Stone,Kiehn,male,79722 Cruickshank Knolls,Jermeyberg,501-645-987,Lily_Rice78@gmail.com,
441,Aryanna,Kozey,female,314 Juston Club,Boehmfurt,501-004-103,Cordie_OKeefe@hotmail.com,
442,Wyman,Tremblay,male,8651 Kassulke Rapid,East Anne,501-710-841,Roscoe.Crooks@gmail.com,
443,Ernestina,Zboncak,male,175 Lubowitz Estate,West Harveycester,501-491-183,Shanny34@gmail.com,
444,Alexzander,Haley,male,59121 Treutel Locks,Upland,501-075-178,Bridget65@hotmail.com,
445,Garth,Wisozk,male,512 Albin Lodge,Schulistboro,501-596-205,Orpha_Towne45@yahoo.com,
446,Ole,O'Connell,male,13650 Maximus Ville,Fountainebleau,501-040-491,Charles.Braun47@yahoo.com,
447,Aileen,Ankunding,female,0465 Adams Ways,Hicklehaven,501-265-223,Melany61@gmail.com,
448,Eulah,Hayes,female,54985 Erdman Hills,New Kristinfield,501-778-453,Jayson.Schroeder4@hotmail.com,
449,Santos,Bernhard,female,49992 Garnett Track,New Shea,501-942-616,William_Schinner64@yahoo.com,
450,Cristian,Gutkowski,female,352 Howe Bridge,Fort Bennettworth,501-347-798,Alf2@yahoo.com,
451,Ashlynn,Wiegand,female,98955 Savannah Orchard,Murrayview,501-575-180,Monroe.Kirlin95@gmail.com,
452,Alia,Sawayn,male,01652 Sonia Divide,North Jovan,501-451-361,Quincy59@gmail.com,
453,Lilla,Leuschke,male,3032 Maribel Junction,East Gerhardview,501-590-351,Jaquelin.Schmidt@gmail.com,
454,Gabrielle,Schiller,male,52723 Leonel Turnpike,Lesleyborough,501-192-599,Juana95@hotmail.com,
455,Selena,Treutel,female,48437 Feest Manors,Port Mervin,501-039-758,Elwyn_Nolan61@hotmail.com,
456,Catalina,Morar,female,3742 Camren Course,Rempelworth,501-774-854,Gisselle52@yahoo.com,
457,Herta,Hand,female,853 Mosciski Causeway,East Myrticeburgh,501-223-945,Danielle_Halvorson@hotmail.com,
458,Kayleigh,Ferry,male,851 Rusty Curve,Augustaport,501-911-822,Joanie15@gmail.com,
459,Bill,D'Amore,male,4664 Susana Trace,Boise City,501-691-069,Amani19@yahoo.com,
460,Jovani,Hane,female,51758 Runte Glen,Fort Lacey,501-680-351,Herminia31@gmail.com,
461,Alison,O'Keefe,male,2405 Hane Village,Russelstead,501-761-399,Bonnie_Rau23@gmail.com,
462,Imelda,Nikolaus,male,4015 Abshire Estate,Letaberg,501-855-505,Martin_Altenwerth@hotmail.com,
463,Caitlyn,Schmidt,female,29447 Mandy Trafficway,Haleyfield,501-755-887,Brandon.DAmore19@yahoo.com,
464,Lonnie,Brekke,male,03677 Jacinto Stream,East Reidcester,501-075-759,Simone_Stroman@hotmail.com,
465,Shayne,Witting,male,1395 Tania Mission,El Monte,501-591-337,Talia67@gmail.com,
466,Ramiro,Borer,female,1768 Christopher Shores,Ofeliaside,501-291-616,Alvera.Wyman85@hotmail.com,
467,Marjolaine,Green,male,81811 Gislason Shores,New Jeanette,501-194-496,Gudrun87@hotmail.com,
468,Jake,Batz,female,82790 Luis Land,Lake Brody,501-674-801,Abdul_Friesen@yahoo.com,
469,Jalon,Hermiston,male,24763 Dewitt Estates,West Deltabury,501-913-846,Amani.Tillman87@hotmail.com,
470,Rosemary,Powlowski,female,493 Grady Knolls,Gunnerland,501-969-508,Cloyd.Hirthe@gmail.com,
471,Adah,Corwin,female,88402 Nikko Harbor,Fort Destinland,501-117-583,Brisa_Kautzer@gmail.com,
472,Aric,Mertz,male,90423 Mertz Port,Peggiefurt,501-369-607,Elvera59@yahoo.com,
473,Dayton,Rogahn,female,3190 Rolfson Coves,Hilariostead,501-134-416,Alexanne.Padberg@gmail.com,
474,Antone,Zboncak,male,74084 Crona Manors,New Adelia,501-120-342,Arely13@yahoo.com,
475,Joseph,Bayer,female,343 Blick Glen,Port Damarisfort,501-033-045,Sasha.Bogan@yahoo.com,
476,Josue,Lynch,female,955 Russel Streets,Port Elmore,501-835-732,Bud.Kuphal63@gmail.com,
477,Gwen,Medhurst,male,606 Volkman Mount,Robelborough,501-465-497,Esteban.Wuckert50@gmail.com,
478,Lauretta,Bernier,female,90060 Collier Trafficway,Sioux City,501-662-388,Cecile.Robel@gmail.com,
479,Jordyn,Schowalter,male,29000 Emma Camp,Kassandrafield,501-237-827,Erin.Reynolds@gmail.com,
480,Pasquale,Koelpin,male,5741 Effertz Loaf,East Cyrilfield,501-686-961,Lenore.Lehner83@gmail.com,
481,Greta,Halvorson,female,626 Marlin Ramp,Palm Beach Gardens,501-098-877,Karli.Lockman@yahoo.com,
482,Ibrahim,Treutel,female,9115 Stacy Shores,North Ken,501-286-217,Keaton.Leuschke@yahoo.com,
483,Kali,Keebler,male,698 Harris Crescent,Kleinhaven,501-490-772,Jevon.Collins40@gmail.com,
484,Carley,Prosacco,male,76642 Arden Shores,Thurmanton,501-594-816,Spencer_Cassin@gmail.com,
485,Colin,Cummerata,male,3694 O'Connell Valleys,Ezekielbury,501-915-671,Jennifer20@gmail.com,
486,Jovanny,Fisher,male,9133 Auer Valleys,Clovis,501-896-117,Henry28@yahoo.com,
487,Felix,Murphy,male,96121 Nakia Light,Huelshaven,501-940-309,Pierre_Kutch@gmail.com,
488,Columbus,Lang,female,016 Schulist Track,Lake Pasqualestead,501-163-399,Afton79@gmail.com,
489,Haylie,Rolfson,female,948 Abshire Plain,Port Makennahaven,501-250-715,Else_Little61@gmail.com,
490,Barney,Feest,female,529 Maverick Hollow,Chanceberg,501-096-542,Clyde.Howe@gmail.com,
491,Anjali,Howe,female,0346 Hayes Falls,Thealand,501-147-624,Andy.Kemmer@yahoo.com,
492,Annie,Torp,male,87416 Jerald Place,Flower Mound,501-673-607,Arnaldo_Trantow@hotmail.com,
493,Ephraim,Weber,female,1798 Mohr Street,East Aryanna,501-568-632,Kyla.Muller63@yahoo.com,
494,Celestino,Bins,female,8871 Rosalee Overpass,Watsonville,501-711-069,Bill_Robel@yahoo.com,
495,Abdullah,Lueilwitz,female,2421 Cyril Burg,Lake Verda,501-167-157,Sadye51@yahoo.com,
496,Rashad,Hammes,female,024 McGlynn Stream,Hayleehaven,501-707-555,Lela.Runolfsson@yahoo.com,
497,Brain,Turner,male,095 Megane Union,Port Emmanuelberg,501-169-001,Dagmar.Schiller@gmail.com,
498,Hilbert,Morissette,female,37473 Darrin Estates,Deckowfort,501-991-582,Rolando41@hotmail.com,
499,Julian,Langosh,female,893 Leilani Trafficway,Lake Armando,501-215-108,Kailee25@gmail.com,
500,Celine,Prohaska,female,310 Medhurst Square,Springfield,501-625-692,Oscar.Morissette@yahoo.com,
501,Maurine,Johnston,male,86930 Brekke Stravenue,Chino Hills,501-639-155,Clarissa31@yahoo.com,
502,Kiel,Durgan,female,2861 Madge Forest,Rennerfort,501-016-849,Yolanda_Smith@hotmail.com,
503,Scot,Predovic,female,6247 Nicola Orchard,Lake Demetriusmouth,501-773-425,Alena78@yahoo.com,
504,Clementine,Bins,female,000 Dach Throughway,Rocky Mount,501-951-488,Kraig_Dibbert22@yahoo.com,
505,Miles,Schultz,male,210 Waelchi Landing,Fort Braden,501-619-600,Sheila29@gmail.com,
506,Herminio,Bogisich,male,5024 Lilla Ranch,New Lazaro,501-715-543,Jacinthe16@hotmail.com,
507,Leslie,Schroeder,male,0612 Rodriguez Curve,South Micaela,501-058-458,Monte.Barton61@hotmail.com,
508,Kristina,Hudson,male,02296 Elda Groves,Kautzertown,501-881-653,Lexie.Blanda@hotmail.com,
509,Colby,Muller,female,6813 Lisette Curve,South Richie,501-210-005,Keegan_Lesch76@hotmail.com,
510,Aryanna,Zulauf,female,3387 Nakia Ridge,Caterinaville,501-947-081,Gladys_Aufderhar@yahoo.com,
511,Joyce,Herman,male,4139 Kutch Lakes,North Victoria,501-752-387,Sadye_Rohan56@yahoo.com,
512,Laura,Hyatt,male,8600 O'Connell Centers,Haaghaven,501-837-854,Herta90@yahoo.com,
513,Samantha,Gerlach,male,8541 Bernier Garden,Doral,501-532-123,Afton.Moen8@gmail.com,
514,Derick,Boyer,female,721 Terry Parkway,North Jedediah,501-943-621,Chanelle_Osinski77@hotmail.com,
515,Vanessa,Bashirian,male,9041 Lee Ranch,Huntington,501-071-508,Stephany_Hauck@hotmail.com,
516,Lelah,Homenick,female,561 Wintheiser Rapid,Waelchiville,501-816-451,Kasey42@gmail.com,
517,Laisha,Bartell,female,06444 Garett Terrace,Lincoln,501-892-448,Isai_Jerde@hotmail.com,
518,Gracie,Kiehn,female,288 Lubowitz Branch,Jarrellview,501-673-011,Cindy.Mann@hotmail.com,
519,Dylan,Champlin,male,145 Kuphal Viaduct,The Hammocks,501-030-052,Jesse.Schamberger@gmail.com,
520,Chaya,Hettinger,male,919 Carter Ferry,East Brianfort,501-845-171,Maritza_Ryan@yahoo.com,
521,Dario,Glover,male,4676 Morissette Stream,Jerdeworth,501-661-724,Michaela_Denesik9@hotmail.com,
522,Rene,Olson,male,64016 Kuhic Flats,Klockomouth,501-985-982,Omer_Ullrich@hotmail.com,
523,Devin,Ullrich,female,08555 Osinski Heights,Heidishire,501-497-954,Summer.Spencer33@hotmail.com,
524,Fermin,Langosh,male,4698 Price Lakes,Kuphalmouth,501-983-786,Kyler.Kshlerin@hotmail.com,
525,Richmond,Larkin,male,1001 Spinka Road,Lake Jodiecester,501-436-823,Alvera_Franecki76@hotmail.com,
526,Jay,Kshlerin,male,53217 Justina Pines,West Quintenbury,501-166-558,Velda.Feeney73@gmail.com,
527,Linwood,Romaguera,male,947 Kihn Shore,The Hammocks,501-504-735,Noel_Weimann@gmail.com,
528,Sincere,Purdy,male,12953 Maybelle Meadows,St. Paul,501-451-747,Shyann_Larkin@gmail.com,
529,Isom,Blick,female,77018 Stiedemann Park,North Gracie,501-040-842,Lacey_Haag@yahoo.com,
530,Emerald,Schumm,female,8717 Francesca Ferry,North Savionstad,501-915-037,Annamarie45@gmail.com,
531,Geovany,Labadie,female,4766 Runolfsdottir Road,Adityaton,501-962-143,Janet_Gorczany@gmail.com,
532,Birdie,Fisher,male,161 O'Connell Lakes,Guidoside,501-139-555,Deonte.Kuphal@gmail.com,
533,Brianne,Swift,female,8463 Lacey Keys,Hattiesburg,501-998-798,Dominique.Willms21@yahoo.com,
534,Mya,Russel,male,687 Annetta Cliffs,East Todstad,501-578-258,Kathlyn.Reilly97@yahoo.com,
535,Milford,Hilll,male,01461 Edythe Gateway,East Geo,501-791-152,Alfredo_Ernser35@gmail.com,
536,Stan,Willms,female,191 Asa Mountains,Pontiac,501-733-502,Reynold80@yahoo.com,
537,Camille,Prohaska,male,529 Davis Prairie,East Omarifield,501-223-265,Hans20@hotmail.com,
538,Roosevelt,Mohr,female,9491 Mitchell Well,Fort Emmanuelcester,501-914-802,Monte_Volkman52@gmail.com,
539,Macie,DuBuque,male,70400 Feest Light,Lowefort,501-064-077,Gabe54@hotmail.com,
540,Kay,Bechtelar,female,42096 Deckow Bypass,Lake Charles,501-843-085,Mafalda56@yahoo.com,
541,Joannie,Schiller,female,0069 Gutmann Drive,Mullerchester,501-070-356,Claire49@hotmail.com,
542,Darrick,Metz,male,5161 Bette Avenue,Cindytown,501-036-503,Godfrey.Zemlak90@hotmail.com,
543,Citlalli,Reilly,male,111 Hagenes Stravenue,Tyreeberg,501-600-368,Rodolfo83@yahoo.com,
544,Demetrius,Goldner,female,69491 Jacobi Brook,Stamford,501-848-962,Kimberly92@yahoo.com,
545,Alan,Rempel,female,413 Mitchell Crest,Johnstonburgh,501-259-776,Nedra_Dare@hotmail.com,
546,Annabelle,Wiza,female,76679 Katlyn Dam,Jerrystad,501-820-057,Kiara47@yahoo.com,
547,Keon,Powlowski,female,685 Cummerata Points,North Estelle,501-579-362,Salvador_Ferry@hotmail.com,
548,Beryl,McGlynn,male,145 Schmeler Ford,Jackson,501-016-438,Lora3@gmail.com,
549,Dolly,Hilll,female,38767 Mara Lakes,Port Giuseppecester,501-487-478,Rowan68@hotmail.com,
550,Lawson,Daugherty,male,3964 Jacobi Valleys,Port Bertaburgh,501-002-796,Monroe.Nienow96@hotmail.com,
551,Zelda,Lakin,female,696 Hessel Trail,Lake Oranbury,501-021-507,Tad.Jacobson6@gmail.com,
552,Davon,Stokes,female,40486 Fahey Motorway,Stokeston,501-806-971,Arturo.Feeney33@hotmail.com,
553,Carlos,Weimann,male,3754 Aurelia Corner,Hoboken,501-104-662,Sandra6@yahoo.com,
554,Brian,Hermiston,male,00685 McLaughlin Cliffs,Bruenview,501-225-937,Edd83@gmail.com,
555,Darron,Jacobson,female,248 Maggio Shoals,Chico,501-014-772,Freda31@yahoo.com,
556,Nicole,Brown,female,174 Pansy Underpass,Normaberg,501-777-875,Cecilia_Homenick@hotmail.com,
557,Kenyatta,Waelchi,male,237 Zulauf Forest,West Babylon,501-830-109,Rahsaan.Trantow90@hotmail.com,
558,Wilfredo,Koss,male,3112 Roslyn Pass,Fort Josueburgh,501-715-816,Finn_Green11@gmail.com,
559,Haley,Jacobs,male,218 Brandi Squares,Cupertino,501-110-866,Raoul44@gmail.com,
560,Allison,Corwin,female,180 Collier Circle,Grahamfield,501-150-864,Shakira.Collier@hotmail.com,
561,Johan,Hilpert,female,45950 Katlynn Forges,DuBuquebury,501-592-068,Dolores97@hotmail.com,
562,Ashley,Krajcik,female,718 Carroll Inlet,East Taylorberg,501-092-083,Reese_Johnson66@yahoo.com,
563,Delta,Kemmer,female,238 Dion Well,East Rosellastad,501-480-265,Rocio_Bayer87@gmail.com,
564,Kacey,Cruickshank,male,68410 Cory Squares,West Earl,501-283-370,Flavie_Abbott96@yahoo.com,
565,Aurelia,Spencer,female,32859 Klocko Station,Abshireborough,501-064-921,Anne_Rempel@gmail.com,
566,Ola,Hermiston,male,079 Shanahan Wells,Rockwall,501-473-019,Carolina_Greenholt@gmail.com,
567,Eden,Mohr,female,65554 Jed Flat,Utica,501-720-997,Kolby30@gmail.com,
568,Gia,Waelchi,female,637 Alexander Skyway,Strosinview,501-601-044,Isabelle.Hegmann29@hotmail.com,
569,Trevion,Effertz,female,3857 Kristina Mountains,North Angelicastad,501-295-718,Freida.Predovic16@hotmail.com,
570,Kathlyn,Stamm,male,5058 Leola Course,West Orionside,501-669-461,Reece.Orn@yahoo.com,
571,Arlie,Wunsch,male,76876 Ashton Fall,Bryan,501-433-642,Aliyah70@hotmail.com,
572,Gunner,Will,male,86699 Catharine Crest,West New York,501-736-608,Sonny.Parisian@hotmail.com,
573,Mozell,Howe,female,154 Leonard Ranch,East Hartford,501-897-201,Pietro.Cummings@hotmail.com,
574,Jasper,Towne,male,0087 Marilie Divide,Montebello,501-497-510,Citlalli_Bailey@hotmail.com,
575,Kevin,Stehr,female,19969 Hermann Shores,Ashtynview,501-055-615,Dewayne26@hotmail.com,
576,Eladio,Wilkinson,male,7000 Murray Stream,Fort Gillianhaven,501-948-052,Erik27@hotmail.com,
577,Ari,Macejkovic,male,42661 Hank Shore,North Dereck,501-324-176,Velma_Huels@hotmail.com,
578,Stacy,Graham,female,663 Curtis Overpass,Madelynnland,501-913-826,Kody_OConner@gmail.com,
579,Gerard,Mann,female,8350 Fidel Land,Botsfordstad,501-622-335,Mona.Rau55@hotmail.com,
580,Kaleb,Kub,female,60621 Metz Ville,Cincinnati,501-555-506,Hershel_Renner89@gmail.com,
581,Olga,Cruickshank,male,298 Sanford Underpass,Midland,501-411-012,Lura.Gleichner78@gmail.com,
582,Lloyd,Turcotte,male,05760 Kreiger Ranch,Vivianneview,501-861-899,Eldora67@gmail.com,
583,Emmy,Wilderman,female,85263 Emilie Passage,Ritchieboro,501-387-017,Otho.Waelchi@hotmail.com,
584,Kelsi,Ledner,male,2793 Jerrod Ports,Delano,501-715-008,Trinity32@yahoo.com,
585,Daisha,Kreiger,female,0168 Schoen Burgs,Dachmouth,501-954-216,Tate_Konopelski@hotmail.com,
586,Terrance,Schmeler,male,9453 Lelia Forge,Diamond Bar,501-405-677,Jaycee88@gmail.com,
587,Electa,Armstrong,male,32451 MacGyver Circles,New Aubreyfield,501-245-228,Lafayette69@gmail.com,
588,Xander,Schiller,female,059 Wisoky Views,San Diego,501-925-202,Oren.Jones@yahoo.com,
589,Blanche,Cruickshank,female,65724 Ethyl Circles,Coral Springs,501-592-223,Billie.Brown@gmail.com,
590,Jeromy,Douglas,female,350 Jett Neck,Schadenborough,501-870-853,Shane.Strosin@gmail.com,
591,Aurelie,Beier,male,6232 Daniel Spring,West Demetris,501-584-978,Kiley_Altenwerth89@hotmail.com,
592,Cassandra,Grady,female,468 Una Fall,South Maximilian,501-135-330,Eliseo5@gmail.com,
593,Jessika,Blanda,female,1355 Jamaal Streets,Lockmanshire,501-588-748,Mohammad44@hotmail.com,
594,Kellie,Haag,female,90947 Donnelly Pike,North Nealmouth,501-379-611,Tanner_Stark62@gmail.com,
595,Berta,Greenholt,female,861 Adolf Ridge,Irving,501-438-657,Cielo.Bernier@gmail.com,
596,Noe,Ruecker,female,285 Hudson Mount,Boscoboro,501-349-993,Claudia93@yahoo.com,
597,Murray,Batz,male,8204 Cale Fords,Ellenview,501-037-894,Freddy_Lueilwitz84@yahoo.com,
598,Maxime,O'Kon,male,0971 Strosin Estate,West Madgefield,501-154-140,Melvin57@hotmail.com,
599,Dylan,Bayer,male,69405 Metz Trace,Fort Madisonport,501-702-847,Rosalee.Predovic5@gmail.com,
600,Zola,Hegmann,male,186 Phyllis Cliff,East Robertside,501-539-766,Cyril_Koepp59@gmail.com,
601,Vada,Zulauf,male,5130 Barton Burgs,Christiansenville,501-548-364,Adrien_Wyman70@gmail.com,
602,Noemy,White,male,57572 Kitty Path,New Linnie,501-701-985,Braden.Wintheiser@gmail.com,
603,Emory,Will,male,225 Lueilwitz Drive,Bechtelarville,501-634-059,Ahmed.Fahey@hotmail.com,
604,Delilah,Torp,male,84031 Schaden Drives,Kozeyhaven,501-383-963,Delbert_Gusikowski@gmail.com,
605,Emil,Cremin,male,0817 Ally Court,Port Creola,501-634-438,Janie.Thiel@hotmail.com,
606,Tad,Bailey,male,51831 Brooklyn Brooks,South Ayden,501-370-262,Elisa_Collier@hotmail.com,
607,Donavon,Wyman,male,7547 Eloisa Mount,Erickburgh,501-160-302,Earnestine.Nader@gmail.com,
608,Fiona,McDermott,male,27750 Cummings Walks,Shaunfield,501-965-284,Estel48@yahoo.com,
609,Jaleel,Tromp,female,9749 Hamill Mall,Ernestinatown,501-665-710,Eudora.Morissette13@yahoo.com,
610,Oleta,Klein,female,340 Cartwright Trail,Eastvale,501-530-290,Norwood.McDermott93@gmail.com,
611,Delbert,Von,male,3678 Stark Neck,Fort Rosalindstead,501-440-260,Everett_Bahringer10@gmail.com,
612,Reanna,Heaney,male,886 Koss Field,East Aliyaburgh,501-635-994,Anibal_Kovacek@gmail.com,
613,Kaylie,Braun,male,79687 Volkman Parks,Halleworth,501-671-557,Gabe32@gmail.com,
614,Roy,Zemlak,male,321 Brody Viaduct,Leschside,501-162-211,Elva2@yahoo.com,
615,Tobin,Brown,female,7074 Jazmyn Burg,Yuma,501-126-118,Delbert77@yahoo.com,
616,Annalise,Heaney,female,917 Hauck Center,Emmieville,501-878-716,Paula_Simonis@gmail.com,
617,Brooke,Stracke,female,3033 Bartoletti Shores,Fort Jaredburgh,501-767-443,Haylee_Reichert91@yahoo.com,
618,Jennyfer,Reichert,female,1439 Deangelo Mall,Jacobshaven,501-393-084,Arvid97@yahoo.com,
619,Edna,Miller,female,0662 Tremblay Island,Crooksbury,501-765-877,Alana_Borer@hotmail.com,
620,Destiny,Huels,male,880 Webster Highway,West Kobeton,501-711-594,Coty_Stehr19@gmail.com,
621,Karianne,Zulauf,male,833 Upton Crossroad,Peoria,501-782-471,Kamille_Bauch@gmail.com,
622,Maximillia,Zulauf,male,8683 Lockman Shoals,Lake Magnoliaside,501-688-554,Lazaro_Wintheiser@gmail.com,
623,Immanuel,Connelly,female,574 Verna Pine,Fort Mathewborough,501-320-642,Charley83@gmail.com,
624,Chloe,Rempel,male,377 Noe Mountains,Lesleyhaven,501-468-345,Janae64@yahoo.com,
625,Karolann,Mayer,male,23828 Kovacek Common,Lake Marlinville,501-159-689,Josiah_Kshlerin30@hotmail.com,
626,Barrett,Keebler,male,94055 Lela Mission,Port Luciousborough,501-814-832,Glen_Paucek6@gmail.com,
627,Kaleigh,Lesch,male,81420 Kiana Glen,Deerfield Beach,501-944-314,Margot.Mayer@gmail.com,
628,Melvin,Carroll,male,961 Lesch Square,West Ralph,501-205-945,Keyon45@gmail.com,
629,Adam,Hermann,male,496 Merlin Groves,Whittier,501-152-551,Toni_Mraz@hotmail.com,
630,Monte,Senger,male,1765 Harris Union,North Asia,501-491-469,Melba.Breitenberg@yahoo.com,
631,Jaquan,Smith,male,938 Steuber Parks,South Candelariostad,501-903-303,Sibyl56@yahoo.com,
632,Giuseppe,Rosenbaum,female,417 Darrin Mount,The Hammocks,501-006-670,Ivy_Little2@yahoo.com,
633,Courtney,Littel,female,7901 O'Kon Groves,Lake Jerry,501-142-296,Domenick66@gmail.com,
634,Trace,Lowe,male,057 Cassin Mountain,Nicholasborough,501-040-205,Marielle.Kirlin@yahoo.com,
635,Brendon,Bradtke,male,17138 Turcotte Crossroad,Mountain View,501-091-169,Cortney_Reichert@gmail.com,
636,Shana,Friesen,male,012 Runte Brook,Palm Springs,501-321-407,Demarcus_Muller84@gmail.com,
637,Name,Padberg,female,18225 Moore Oval,North Brionna,501-974-410,Leon.Dicki43@yahoo.com,
638,Meda,Orn,female,17919 Pamela Ford,Livermore,501-222-941,Retta83@gmail.com,
639,Adah,Denesik,female,23056 Jefferey Shoal,Corona,501-276-253,Timmy5@hotmail.com,
640,Matilde,Shields,male,1310 Randal Curve,Larkinboro,501-178-248,Watson_VonRueden@yahoo.com,
641,Richie,Jerde,female,22988 Strosin Path,South Myrna,501-852-534,Ada32@hotmail.com,
642,Joe,Skiles,female,0762 Cronin Lock,Spokane,501-970-512,Kenyatta.Lakin@gmail.com,
643,Ariane,Ondricka,male,58262 Alek Bridge,Port Horace,501-477-720,Della.Upton@yahoo.com,
644,Fae,Corkery,female,855 Clinton Circles,Leafield,501-000-153,Vita_Zulauf55@yahoo.com,
645,Lucy,Koelpin,male,6991 Labadie Path,Dickistead,501-889-702,Amalia_Schaefer22@gmail.com,
646,Octavia,Emard,male,721 Gail Freeway,Gibsonside,501-788-587,Audreanne_Heller12@gmail.com,
647,Dakota,Collins,female,3362 Kennedi Field,Devonbury,501-867-417,Everardo47@yahoo.com,
648,Terence,Botsford,female,687 Wallace Meadows,Cummeratacester,501-004-062,Brayan_Jerde60@gmail.com,
649,Gilberto,Frami,male,092 Johnson Lock,New Pearline,501-814-042,Hertha_Wilkinson76@yahoo.com,
650,Enos,Cummings,female,5137 Koch Wells,Ashleyview,501-697-275,Jaden.Koepp@gmail.com,
651,Gerda,Keebler,male,4521 Yost Trail,Poinciana,501-231-902,Evelyn71@gmail.com,
652,Easton,Prohaska,female,16588 Ashlynn Springs,North Ariel,501-908-057,Pierce.Blanda@yahoo.com,
653,Tod,Ryan,male,2117 Hane Path,Satterfieldhaven,501-208-767,Myron_Hegmann9@yahoo.com,
654,Bud,Stokes,male,37333 Funk Union,Robertahaven,501-919-508,Norbert.Kris49@gmail.com,
655,Phoebe,Smitham,male,49474 Kendra Circle,Fayeburgh,501-029-523,Lilliana.Monahan@gmail.com,
656,Ryann,Kling,male,8278 Stamm Path,South Trinity,501-568-231,Josefa11@yahoo.com,
657,Leonel,Kertzmann,male,84545 Carlie Shoal,Gleasonstead,501-275-200,Erna.McLaughlin64@gmail.com,
658,Christian,O'Conner,male,8179 Rosina Meadows,Tysonchester,501-203-571,Kali13@gmail.com,
659,Mckenzie,Brakus,female,960 Maximus Underpass,Rogahnberg,501-025-021,Jedidiah_Wunsch@hotmail.com,
660,Jodie,Wunsch,male,709 Spencer Way,South Jayceefield,501-899-574,Gladyce.Carter@yahoo.com,
661,Elijah,Boyer,female,08006 Shaun Drive,New Madalinebury,501-692-635,Tamara.Haag@hotmail.com,
662,Maida,Hickle,male,5932 Mohr Unions,Murphyburgh,501-392-939,Lexus_Frami@hotmail.com,
663,Alison,Zemlak,male,40095 Mekhi Bypass,Tiahaven,501-219-758,Melissa.Bergstrom97@hotmail.com,
664,Mason,Wilkinson,female,798 Hazel Crest,Boyerfurt,501-793-439,Cassandra65@gmail.com,
665,Vince,Strosin,male,8006 Wilkinson Ridges,Creminworth,501-084-859,Pattie89@yahoo.com,
666,Dora,Heathcote,female,9456 Berta Hill,Braunville,501-302-549,Isabell17@hotmail.com,
667,Heidi,Erdman,male,436 Sarah Hill,Portsmouth,501-529-728,Cali_Miller10@hotmail.com,
668,Trinity,Leuschke,male,235 Leda Springs,Salvatoreside,501-618-073,Damien_Hermiston@yahoo.com,
669,Peter,Champlin,male,833 Ratke Row,Fort Brendan,501-388-415,Shyann16@yahoo.com,
670,Cleo,Mann,female,6998 Murray Pine,Franeckiland,501-890-400,Ariane_Kassulke@gmail.com,
671,Jacinto,Christiansen,male,61030 Ole Divide,Nampa,501-144-648,Haleigh_Bartoletti29@gmail.com,
672,Christa,Medhurst,male,62325 Gavin Lodge,Lake Leannfurt,501-174-329,Elaina.Ferry68@hotmail.com,
673,Terrell,Weissnat,female,0399 Larson Hills,New Thurman,501-773-400,Rhiannon.Donnelly@gmail.com,
674,Berta,Koch,male,94547 Litzy Spur,Rasheedfield,501-124-930,Caitlyn.Muller@yahoo.com,
675,Jany,Schowalter,female,3079 Tatum Trafficway,New Janessa,501-116-820,Jerel.Schoen@hotmail.com,
676,Alycia,Rolfson,male,779 Padberg Cliffs,Timmothyview,501-449-741,Mazie_Williamson@gmail.com,
677,Bette,Swift,female,670 Beverly Road,West Kelli,501-996-750,Katarina_Rodriguez79@yahoo.com,
678,Arne,Considine,male,6413 Ayana Neck,Port Juwan,501-867-461,Mark34@gmail.com,
679,Effie,Bayer,male,588 Mark Lock,Adamberg,501-875-109,Adelia_Shanahan79@yahoo.com,
680,Myrna,Schulist,male,5755 Geovanny Via,Lowehaven,501-796-805,Rene.Schaefer@hotmail.com,
681,Idell,Schiller,female,2051 Halie Fork,North Domenickstead,501-362-151,Trever_Kertzmann12@hotmail.com,
682,Silas,O'Connell,male,008 Walter Terrace,North Archfurt,501-402-723,Elmore_Balistreri@hotmail.com,
683,Mossie,Lakin,female,9246 O'Keefe Park,Hauckberg,501-524-781,Immanuel_Gleason@hotmail.com,
684,Aubrey,McGlynn,male,6762 Pollich Lane,Nobleshire,501-281-905,Tillman_Orn86@gmail.com,
685,Pierre,Connelly,female,756 Kiel Unions,Las Vegas,501-946-098,Jayde10@gmail.com,
686,Alfred,Koelpin,male,06233 Bartell Hills,Kuhicside,501-622-149,Matilda.Bins@hotmail.com,
687,Shirley,Bode,female,658 Kunde Island,Thompsonland,501-621-289,Enoch_Haley64@hotmail.com,
688,Noemi,Smitham,male,9716 Elian Park,Schimmelburgh,501-294-558,Olen84@gmail.com,
689,Buford,Weimann,female,35820 Emory Keys,North Vickie,501-179-612,Lucinda77@hotmail.com,
690,Kaylah,Lubowitz,male,0723 Dickinson Skyway,Dale City,501-627-134,Jordon.Schamberger77@hotmail.com,
691,Jake,Paucek,male,1230 Modesta River,Maggiohaven,501-973-671,Zoe74@hotmail.com,
692,Coralie,Hessel,male,416 Sanford Oval,Othoside,501-433-989,Joseph25@yahoo.com,
693,Nigel,Mueller,female,9184 Cartwright Island,Port Boris,501-088-915,Cecelia.Hoeger@hotmail.com,
694,Lonnie,Ryan,female,773 Ella Cape,Rooseveltberg,501-223-784,Ruby_Kuhic@hotmail.com,
695,June,Herman,male,7549 Eliane Meadow,South Furman,501-220-194,Clifford.Stokes16@gmail.com,
696,Glen,Windler,female,40510 Littel Mews,Gleasonland,501-955-105,Roberto2@hotmail.com,
697,Abdullah,Berge,female,64591 Mina Ville,Lake Careyport,501-363-894,Efren_West@gmail.com,
698,Burley,Prosacco,male,5027 Shayne Springs,Chelsieburgh,501-083-071,Howell_Rosenbaum15@hotmail.com,
699,Kyle,Franecki,male,33377 McClure Fork,Hamillside,501-622-755,Ricky.Von15@yahoo.com,
700,Kian,Johns,female,96029 Marguerite Island,Tillmanbury,501-820-366,Zora_Rippin47@hotmail.com,
701,Clare,Swift,female,7332 Funk Station,Highland,501-278-964,Roel.Connelly50@gmail.com,
702,Abagail,Rath,male,870 Enos Extensions,Cheyenne,501-268-934,Jermaine61@hotmail.com,
703,Hoyt,Bode,male,0675 Kemmer Stravenue,Port Godfrey,501-065-159,Yoshiko.Conn64@hotmail.com,
704,Zita,Trantow,female,1221 Lueilwitz Ridge,Lubbock,501-909-365,Baby_Huels@gmail.com,
705,Filomena,Hilll,female,94128 Herman Hills,Osinskiside,501-618-801,Audrey_Wunsch@hotmail.com,
706,Lucas,Crist,male,6364 D'Amore Valleys,South Candicetown,501-881-775,Kaleb81@yahoo.com,
707,Nasir,Gorczany,male,4420 Lolita Mountain,Jaronville,501-951-800,Trinity58@hotmail.com,
708,Jeanie,Klocko,male,32327 Solon Street,Port Dave,501-166-851,Stevie_Mayert@hotmail.com,
709,Giles,Corkery,female,704 Rice Vista,Surprise,501-199-981,Leonora97@gmail.com,
710,Natalia,Cummings,male,77977 Gottlieb Terrace,New Carlee,501-583-728,Paolo_Rice47@hotmail.com,
711,Jenifer,Kemmer,female,502 Johnston Ferry,Rahsaanland,501-478-228,Marjory65@hotmail.com,
712,Shane,Metz,female,3688 Elton Cliff,Palm Springs,501-593-776,Amos.Johns@gmail.com,
713,Monserrat,Kuhlman,male,59828 Lehner Fork,Beierland,501-345-165,Justina.Gleason@gmail.com,
714,Madge,Schmitt,female,8337 Stone Forks,Kokomo,501-187-470,Dominique.Hackett6@hotmail.com,
715,Trey,Russel,female,23998 Arch Streets,Haltom City,501-538-280,Adrien.Dach43@hotmail.com,
716,Winnifred,Sipes,male,09906 Linda Stravenue,North Maiyaburgh,501-538-475,Raina_Schoen@yahoo.com,
717,Pietro,Stokes,female,5714 Sporer Drives,San Francisco,501-176-805,Syble_Marquardt13@hotmail.com,
718,Jordi,Olson,male,442 Mossie Rapid,New Adamton,501-044-184,Chasity53@hotmail.com,
719,Genesis,Schmidt,female,0142 Hobart Ramp,Kreigerland,501-912-689,Jamel_Cormier@gmail.com,
720,Chelsie,Klocko,male,296 Hermann Stravenue,Lake Havasu City,501-261-537,Merritt.Douglas15@gmail.com,
721,Jordi,Barton,female,80851 Patrick Garden,South Bradlyville,501-399-667,Dylan83@hotmail.com,
722,Antonia,Fay,female,8509 Annamarie Forges,Javontetown,501-780-935,Maida.Steuber11@hotmail.com,
723,Annabell,Aufderhar,female,52972 Bernhard Ford,West Felipe,501-730-329,Daniela_Lind74@yahoo.com,
724,Pat,Spinka,male,31764 Isom View,New Bentonhaven,501-491-999,Destiny.Mayert25@gmail.com,
725,Frank,Schuppe,male,10960 Kozey Meadows,Sugar Land,501-439-938,Shawna.Hartmann20@yahoo.com,
726,Jessie,Kohler,female,08836 Norbert Pines,Lamontland,501-990-301,Marge.Weissnat81@yahoo.com,
727,Juliana,Turcotte,female,8597 Casper Cove,New Pearliemouth,501-935-732,Gloria44@gmail.com,
728,Deshaun,Rath,male,42467 Kessler Street,Caspertown,501-702-915,Courtney26@yahoo.com,
729,Lolita,Okuneva,female,60647 Gusikowski Stravenue,South Mayra,501-588-618,Kellen.Zboncak@yahoo.com,
730,Earnestine,Howell,male,75649 Oberbrunner Drives,West Marlin,501-045-140,Madaline_Bartoletti@hotmail.com,
731,Elise,Trantow,female,3142 VonRueden Trafficway,West Hardyworth,501-707-057,Jean_Barton@yahoo.com,
732,Jodie,Crona,male,955 Myra Drive,Carson,501-617-701,Maud_Hirthe55@yahoo.com,
733,Bethany,Sawayn,male,139 Schumm Overpass,Port Kariane,501-386-375,Catharine_Berge21@hotmail.com,
734,Bruce,Borer,male,3938 Kareem Camp,North Alethaton,501-762-998,Fermin_OConner75@gmail.com,
735,Darrell,Parisian,male,72064 Zboncak Glen,Olsonport,501-884-303,Linnie.Gutmann28@yahoo.com,
736,Floyd,Kemmer,female,1779 Kohler Circle,Marquiseborough,501-414-931,Loy43@hotmail.com,
737,Penelope,Russel,female,83976 Juliana Ramp,Braunport,501-699-702,Lorena48@hotmail.com,
738,Etha,Harber,male,74898 Jennie Burgs,Port Destanyport,501-394-155,Agustin69@hotmail.com,
739,Don,Corwin,female,45812 Macejkovic Ramp,Orlando,501-771-541,Ara.Blanda54@hotmail.com,
740,Maybell,Robel,female,8824 Donnelly Junctions,Southaven,501-525-764,Stanford.Bartoletti@hotmail.com,
741,Gussie,Sipes,female,152 Lempi Haven,Coral Gables,501-003-275,Joannie.Haley78@gmail.com,
742,Merlin,Weimann,female,5626 Runte Points,North Vanessa,501-929-347,Angel65@gmail.com,
743,Estell,Welch,male,061 Schuppe Extensions,Kaseyside,501-842-893,Emmalee_Kuphal@yahoo.com,
744,Brent,Conroy,female,2258 Brigitte Spur,North Olgastad,501-233-787,Skyla_Lehner87@gmail.com,
745,Mafalda,Rolfson,male,7282 Shanny Island,Bashirianboro,501-917-250,Carter.Koepp@yahoo.com,
746,Doyle,Satterfield,male,30282 Sipes Mission,West Idellton,501-168-871,Emily_Tillman15@gmail.com,
747,Roberta,Hilll,female,7940 Kevin Pass,San Antonio,501-948-475,Sydni93@yahoo.com,
748,Marcella,Rath,female,9631 Hintz Crossroad,Santa Barbara,501-651-567,Jerel.Stoltenberg@gmail.com,
749,Chad,Jaskolski,female,0554 Aida Walks,South Reynold,501-529-504,Libbie_Stoltenberg@hotmail.com,
750,Robbie,Erdman,male,000 Goyette Run,Milesmouth,501-415-858,Karolann.Strosin29@yahoo.com,
751,Concepcion,Skiles,male,07862 Lucienne Lakes,South Aditya,501-890-220,Golden28@hotmail.com,
752,Sam,Labadie,male,61300 Janick Fork,Nolanville,501-082-028,Abelardo32@gmail.com,
753,Percival,Barton,female,077 Schroeder Freeway,Port Erika,501-266-513,Raul.Heathcote@gmail.com,
754,Wilfred,Shanahan,female,111 Hartmann Gateway,Tamiami,501-470-405,Sydney.Toy96@gmail.com,
755,Euna,Schamberger,male,761 Kutch Plaza,Grimeston,501-210-328,Joanny19@yahoo.com,
756,Edmund,Huel,female,989 Casper Place,Trentboro,501-629-634,Roger99@yahoo.com,
757,Isaias,Spinka,male,5603 Bednar Path,Lakinton,501-265-694,Laurie.Mraz@hotmail.com,
758,Emelia,Weimann,male,4499 Solon Center,Mikefield,501-441-201,Jonathon_Hansen@hotmail.com,
759,Boyd,Homenick,male,96395 Nitzsche Meadows,Lake Rhianna,501-078-456,Bert.Hahn@hotmail.com,
760,David,Rath,female,96685 Jay Well,Yuba City,501-224-762,Alfonso36@hotmail.com,
761,Gustave,Metz,male,7060 Garnet Row,Fort Rodolfo,501-611-366,Isidro.Mitchell52@yahoo.com,
762,Joshuah,Glover,female,64414 Franey Vista,East Brisaburgh,501-350-535,Dayne34@gmail.com,
763,Annabelle,Tremblay,female,431 Cormier Circle,Lueilwitzchester,501-512-813,Gail_OReilly92@gmail.com,
764,Estrella,Hirthe,female,175 Weimann Motorway,Jeramieport,501-617-423,Laurence_Zemlak11@gmail.com,
765,Charlotte,Schroeder,male,6440 Strosin Circle,Fort Antwanfort,501-945-115,Alana17@yahoo.com,
766,Wyatt,Oberbrunner,female,958 Blick Ranch,New Keanu,501-762-615,Jeffry.Thompson81@yahoo.com,
767,Adelbert,Jakubowski,male,292 Hamill Locks,Marcelinashire,501-375-180,Clementine_Kub45@yahoo.com,
768,Cora,Connelly,male,035 Wehner Knolls,South Lon,501-336-910,Providenci.Hartmann@yahoo.com,
769,Joelle,Weissnat,female,75069 Murphy Knoll,Fort Sonnyworth,501-598-271,Eudora_Hansen@yahoo.com,
770,Faye,Heathcote,female,15490 Deonte Corners,New Glendafurt,501-292-221,Nathanael_Franey@gmail.com,
771,Maeve,Okuneva,male,88269 Gulgowski Walk,Langville,501-602-159,Tobin_Deckow@gmail.com,
772,Isadore,Pfannerstill,male,17100 Jaqueline Overpass,West Opalworth,501-337-851,Kari.Orn@yahoo.com,
773,Cara,Hagenes,male,030 Steuber Corner,Windlercester,501-949-705,Elvie_Haag8@yahoo.com,
774,Kattie,Parisian,male,181 Darius Turnpike,Alpharetta,501-321-015,Sister.Kulas43@gmail.com,
775,Virginie,Jerde,male,27892 Walter Hill,Jimmiefort,501-965-929,Franco.Turner@gmail.com,
776,Donato,Kautzer,male,86796 Hamill Field,Estebanstad,501-046-711,Duncan86@gmail.com,
777,Jerome,Reichert,female,51236 Evelyn Avenue,Provo,501-894-564,Markus_Marks@gmail.com,
778,Lillie,Koch,female,236 Gavin Ridges,Lake Reecestad,501-619-012,Marjolaine.Cronin7@hotmail.com,
779,Peyton,Macejkovic,female,78410 Baumbach Skyway,Milliemouth,501-686-924,Haylee_Willms@gmail.com,
780,Roslyn,Flatley,female,6503 Marcelo Extension,Idellafield,501-209-658,Dortha82@hotmail.com,
781,Oleta,Nicolas,female,48871 Huels Way,Paucekfort,501-799-691,Mina_Ullrich@yahoo.com,
782,Lamont,Rice,male,132 Yolanda Run,Anaisfield,501-437-170,Javier_Davis@gmail.com,
783,Tara,Towne,male,41005 Leonora Extensions,New Odessaberg,501-702-838,Lloyd_Morar@gmail.com,
784,Amalia,Nolan,male,6626 Cole Springs,East Leonardo,501-961-693,Percy.Hermiston7@gmail.com,
785,Marlen,Bosco,male,25793 Lavern Manors,East Tito,501-063-528,Jean_Prohaska@hotmail.com,
786,Sarah,Ziemann,female,48345 Jovani Pines,Weberchester,501-878-840,Emmalee.Lynch55@yahoo.com,
787,Ramona,Haag,male,20051 Robbie Underpass,Kriston,501-903-267,Payton61@gmail.com,
788,Johnnie,Kreiger,female,651 Otilia Course,Lueilwitzmouth,501-023-618,Antonietta72@yahoo.com,
789,Jana,Rau,female,13769 Mosciski Hill,Schneiderfurt,501-553-721,Isobel_Armstrong27@hotmail.com,
790,Paris,Bergnaum,female,5420 Shakira Motorway,Port Pierce,501-284-271,Maximilian_Nicolas89@yahoo.com,
791,Lesly,Kuphal,male,10180 Miller Motorway,Murrieta,501-406-221,Dalton_Brakus@yahoo.com,
792,Ricky,Roob,male,416 Schoen Field,Laurenceberg,501-138-732,Libbie.Beier59@gmail.com,
793,Justyn,Treutel,male,50196 Yundt Villages,Tampa,501-163-239,Camren_Bechtelar51@yahoo.com,
794,Alaina,Lindgren,male,952 Jeramie Plain,Kianastead,501-547-714,Josefa_Quigley46@hotmail.com,
795,Verla,Barton,male,258 Roberts Station,Lake Lydiashire,501-584-885,Jaclyn92@hotmail.com,
796,Halle,Upton,male,083 Wilkinson Parks,Lake Daphneybury,501-067-542,Juvenal1@yahoo.com,
797,Ariane,Nader,female,152 Carlo Cliffs,Hicklestead,501-757-532,Zakary36@gmail.com,
798,Sunny,Gislason,female,0908 Darby Lane,Fort Jadenberg,501-771-190,Cleve_Huels@hotmail.com,
799,Francisca,Rowe,female,4359 Hodkiewicz Knoll,Eloisemouth,501-809-847,Felix_Feest@hotmail.com,
800,Dayana,Simonis,female,73878 Diamond Parkway,Evelineberg,501-637-018,Fanny51@gmail.com,
801,Mozell,Oberbrunner,female,6542 Missouri Pines,West Fern,501-544-823,Audreanne39@yahoo.com,
802,Magnolia,Sanford,female,69802 Merlin Expressway,Sawayntown,501-200-136,Brice18@hotmail.com,
803,Josefa,Kirlin,female,578 Jessy Glens,Lorain,501-221-690,Hobart.Macejkovic65@gmail.com,
804,Emilio,Franecki,male,71223 Jerel Hollow,Norwalk,501-162-994,Gunner.Vandervort95@hotmail.com,
805,Maryam,Hintz,male,81637 Haskell Terrace,O'Keefeville,501-170-737,Owen43@yahoo.com,
806,River,Miller,male,94490 Salvador Fords,Port Travis,501-575-173,Cody_Quitzon@gmail.com,
807,Daniella,Wiegand,female,10019 Hand Land,Lake Rowan,501-079-528,Coralie.Schmidt@gmail.com,
808,Katlyn,O'Keefe,female,39591 Giovanny Course,Fort Eudora,501-807-324,Aurelio32@gmail.com,
809,Uriah,Kiehn,female,1986 Jacques River,Claudietown,501-209-895,Nora0@yahoo.com,
810,Mozelle,Crist,female,093 Ima Stream,Blandastead,501-174-526,Emory.Brekke2@yahoo.com,
811,Earlene,Bode,male,705 Tad Islands,Lake Dave,501-870-097,Ewell.Bechtelar@gmail.com,
812,Gordon,Lueilwitz,female,40451 Hahn River,North Hannaworth,501-624-464,Ryder.Morar@gmail.com,
813,Elza,Schaefer,male,574 Torp Creek,Robertsport,501-679-461,Tiffany_Boehm13@yahoo.com,
814,Kattie,Rempel,male,2246 Rogahn Branch,Fort Idella,501-576-211,Pinkie21@gmail.com,
815,Abby,Jaskolski,female,60909 Emmerich Coves,Fort Lori,501-782-071,Griffin.Conroy94@yahoo.com,
816,Dariana,Altenwerth,female,56656 Romaguera Harbor,Greenhaven,501-385-715,Oswaldo.Bogisich19@gmail.com,
817,Stephania,Glover,female,492 VonRueden Burg,Lauriannemouth,501-767-946,Bethel_Wilkinson@yahoo.com,
818,Della,Kemmer,female,12002 Carroll Light,Lemuelcester,501-526-730,Freda31@hotmail.com,
819,Narciso,Christiansen,female,4101 Ryder Avenue,Treshire,501-515-693,Penelope41@gmail.com,
820,Robin,Bode,male,96046 Stokes Stream,New Antonetta,501-957-684,Burnice.Corkery79@gmail.com,
821,Joyce,Franey,male,1988 Jennifer Track,Carrollstad,501-152-260,Chasity_Johnston21@hotmail.com,
822,Nayeli,Glover,female,43322 Linnie Drives,New Cristianchester,501-996-479,Roxanne_Davis@yahoo.com,
823,Keith,Satterfield,male,41910 Pfannerstill Pass,West Anitafort,501-204-094,Kamille.Metz96@gmail.com,
824,Jade,Mann,female,4746 Caleb Road,North Cathrynborough,501-694-898,Terence.Schultz38@yahoo.com,
825,Jammie,Stehr,female,3035 Selina Islands,Elvieside,501-092-208,Lawson_Mayert@yahoo.com,
826,Davon,Gutmann,male,266 Fisher Key,New Julianaburgh,501-441-554,Bennie_Turcotte@gmail.com,
827,Hertha,Greenholt,male,217 Mueller Circles,Bergstromcester,501-237-512,Myrtis_Abernathy40@yahoo.com,
828,Roselyn,Flatley,male,968 Leo Loop,Coachella,501-655-061,Rosalia.Kerluke2@gmail.com,
829,Parker,Emmerich,male,862 Marianna Valley,Schaeferview,501-122-628,Tina_Gutkowski@yahoo.com,
830,Nettie,Goldner,female,7913 McCullough Well,Alysaview,501-679-191,Kaelyn.Jast@gmail.com,
831,Giuseppe,Murazik,male,69102 Kelvin Turnpike,Hempstead,501-469-618,Freeda_Heller@hotmail.com,
832,Hans,Swaniawski,male,273 O'Reilly Junction,East Arnulfo,501-433-657,Jamar_Mante66@hotmail.com,
833,Lexie,Ondricka,female,12186 Pouros Mall,Fort Dee,501-026-888,Zachary.Trantow@yahoo.com,
834,Dawson,Wilderman,female,2070 Mittie Knolls,East Kay,501-696-627,Edwina_Baumbach90@yahoo.com,
835,Frederik,Bartoletti,female,3876 Corkery Stream,Audrachester,501-796-105,Myra_Howell26@yahoo.com,
836,Dolores,Schultz,female,45013 Dagmar Flats,St. Louis,501-322-299,Ross_Ankunding@yahoo.com,
837,Jacinto,Wiza,female,002 Heller Streets,Andreburgh,501-905-311,Ari4@hotmail.com,
838,Lily,Gottlieb,female,592 Hagenes Junctions,Lake Stevie,501-883-192,Ike79@gmail.com,
839,Glen,Reichert,female,558 Hammes Springs,Medhursthaven,501-915-408,Connie66@gmail.com,
840,Hallie,Funk,male,43149 Rae Passage,West Garnettland,501-952-750,Gretchen18@hotmail.com,
841,Darien,Carter,male,9744 Keebler Pike,Kevonworth,501-428-507,Hanna.Murphy24@gmail.com,
842,Opal,Stanton,female,48748 Breanne Key,Westonbury,501-823-394,Vaughn50@yahoo.com,
843,Martin,Kuhn,female,6556 Leffler Shoals,East Clementineland,501-415-253,Jacinthe87@gmail.com,
844,Tevin,Hackett,female,3189 Roberts Bypass,Strackeworth,501-356-214,Edison23@yahoo.com,
845,Barry,Pacocha,male,9251 Bailey Stream,Keaganworth,501-805-641,Lester51@yahoo.com,
846,Ozella,Prosacco,female,24894 Durgan Green,East Mariammouth,501-065-492,Sasha.Johnson14@yahoo.com,
847,Walter,O'Hara,male,0393 Volkman Spurs,Juddburgh,501-279-057,Vilma27@gmail.com,
848,Aubree,Trantow,male,55581 Dortha Ramp,Pagacfield,501-079-211,Addison.Swaniawski@gmail.com,
849,Anya,Lehner,male,6777 Bradtke Mountain,Lake Hester,501-633-453,Domenico.Wunsch88@hotmail.com,
850,Dessie,Smitham,female,38312 Citlalli Trafficway,Farmington,501-277-386,Estefania36@hotmail.com,
851,Lucienne,Orn,female,00237 Dax Manors,Domenickstad,501-401-684,Emilia49@gmail.com,
852,Daisha,Nolan,male,67653 Lockman Mall,Lucianoburgh,501-767-336,Elisha92@gmail.com,
853,Jordan,Beer,male,423 Jamil Highway,Lindfurt,501-256-017,Brock_Rath@yahoo.com,
854,Claud,Ratke,male,920 Rath Hill,Parkercester,501-678-165,Luther53@yahoo.com,
855,Silas,Keebler,male,98575 Ortiz Meadow,Ethatown,501-613-916,Martina39@yahoo.com,
856,Terrell,Wilkinson,female,579 Eve Freeway,Lake Taylorchester,501-787-220,Ryleigh_Friesen25@hotmail.com,
857,Nels,Abernathy,female,76649 Peter Mills,Corvallis,501-806-511,Catherine.Fisher@yahoo.com,
858,Adrain,Osinski,male,16591 Hartmann Unions,Lake Justinastead,501-369-954,Madisen29@gmail.com,
859,Joanny,Feil,male,72124 Hane Divide,Fort Avery,501-548-077,Richie81@gmail.com,
860,Josh,Lockman,male,8077 Stokes Summit,Wernerfield,501-194-221,Abbigail_Hackett73@gmail.com,
861,Vivian,Okuneva,male,8987 Sean Drives,Dale City,501-392-949,George_Erdman@yahoo.com,
862,Matilde,Buckridge,female,38014 Alexane Rue,East Andreanneboro,501-230-942,Howell.Schoen@gmail.com,
863,Henderson,White,female,73773 Lemuel Tunnel,Spokane Valley,501-169-420,Jayce.OKeefe@gmail.com,
864,Lenore,Robel,female,68682 Fadel Well,Port Freedabury,501-264-208,Rebecca7@gmail.com,
865,Kory,Zboncak,female,82876 Tristin Garden,Evertstead,501-721-099,Ocie.Greenfelder80@hotmail.com,
866,Eldora,Howe,female,3484 Considine Lakes,East Maybell,501-719-830,Cora.Lemke@hotmail.com,
867,Bell,Jast,male,3618 Hyatt Radial,Framifurt,501-146-795,Anastacio.Lind@gmail.com,
868,Rick,Swaniawski,male,6135 Norene Freeway,Hesselborough,501-631-891,Alison_Purdy91@yahoo.com,
869,Emil,Crist,male,389 Collier Turnpike,Camrenshire,501-337-854,Lucio_Schroeder14@gmail.com,
870,Joy,Wehner,female,3295 Grimes Well,West Edwardoside,501-773-626,Tressa54@yahoo.com,
871,Tessie,Carroll,male,26942 Alfonzo Fall,Brendanworth,501-132-919,Randy_Mueller@gmail.com,
872,Melody,Reichel,male,5425 Michaela Views,Port Diamondland,501-792-921,Tess_Sipes44@gmail.com,
873,Major,Prohaska,female,28663 Hilpert Greens,Strackeberg,501-643-155,Sabrina.Fahey@hotmail.com,
874,Monte,Blick,male,251 Mosciski Place,Elisaberg,501-758-617,Sabryna.Bernhard@gmail.com,
875,Darren,Wiza,female,375 Joey Garden,Lempishire,501-575-108,Ryann.Pagac@yahoo.com,
876,Corene,Torp,female,18012 Arvilla Islands,East Chasitymouth,501-623-819,Margot99@gmail.com,
877,Jazlyn,Muller,male,489 Kelsie Knolls,Hettingermouth,501-062-668,Althea.Walker71@hotmail.com,
878,Karli,Larkin,male,833 Jakubowski Via,Cathystad,501-613-669,Jaida61@yahoo.com,
879,Shaylee,Okuneva,female,4532 Samara Fort,Jaredfort,501-880-497,Hadley60@hotmail.com,
880,Oswaldo,Quigley,male,270 Stanton Crescent,Richland,501-071-309,Lillian_Kautzer59@gmail.com,
881,Alfonso,Franecki,male,56391 Ernser Court,Lacyhaven,501-032-043,Kendall_Dickinson34@gmail.com,
882,Carmen,Murphy,female,891 Jones Street,South Karinabury,501-970-846,Jeffrey37@yahoo.com,
883,Angelo,Cruickshank,male,189 Flatley Garden,Yostfield,501-979-462,Elton.Graham51@hotmail.com,
884,Caroline,Ullrich,male,796 Jakubowski Loop,Jonesworth,501-490-626,Aaron_Graham10@gmail.com,
885,Lennie,Bechtelar,female,313 Arno Parkway,South Jerroldtown,501-752-646,Jeramie_Okuneva@gmail.com,
886,Winona,Willms,female,32724 Eloy Union,Vernicehaven,501-823-760,Nels.Maggio@yahoo.com,
887,Fred,Thompson,female,8442 Fisher Shoal,South Felipa,501-621-539,Madisen_Adams@gmail.com,
888,Lera,Ryan,male,57892 Dickinson Neck,West Stacey,501-716-748,Alessia_Ondricka38@gmail.com,
889,Gerald,Greenfelder,female,7539 Marvin Estate,Parma,501-072-229,Madyson_Bode72@yahoo.com,
890,Angel,Sauer,female,150 Koch Points,Fort Audra,501-881-280,Alene_Medhurst29@gmail.com,
891,Justine,Durgan,male,45192 Tremblay Forge,Weissnatview,501-755-276,Wyman_Sporer93@gmail.com,
892,Americo,Champlin,male,48265 Schinner Shoals,Kurtiscester,501-281-522,Loyce17@yahoo.com,
893,Miguel,Quitzon,female,894 Josie Prairie,Newport Beach,501-591-548,Maryse.Keeling53@yahoo.com,
894,Manuela,Luettgen,female,95397 Quinn Ford,East Jaunita,501-250-720,Kris_Schroeder@yahoo.com,
895,Calista,Labadie,male,899 Thea Park,Mustafaville,501-387-052,Sabryna.Reilly43@hotmail.com,
896,Russ,Langosh,female,5017 Lindgren Field,Lake Havasu City,501-758-083,Cortney_Schamberger63@hotmail.com,
897,Betsy,Thompson,female,4576 Reinger Squares,McClureside,501-531-753,Gordon.Hessel31@hotmail.com,
898,Kari,Corwin,male,0959 Little Island,Florenceboro,501-609-674,Estevan77@gmail.com,
899,Norwood,Robel,female,246 Gilda Pass,New Braunfels,501-520-782,Cassandre_Daugherty29@gmail.com,
900,Danika,Pfeffer,female,49601 Etha Unions,Floyland,501-151-326,Sim.Greenholt@yahoo.com,
901,Amely,Lowe,female,6570 Casimir Shore,Emileberg,501-331-078,Dwight35@yahoo.com,
902,Sid,Aufderhar,male,0144 Abbott Lock,Provo,501-298-345,Rodrick_Gutmann59@yahoo.com,
903,Alivia,Grady,male,96403 Leilani Island,Corystead,501-435-605,Marianne_Durgan1@hotmail.com,
904,Telly,Fritsch,male,6758 Ramiro Green,Aishaport,501-069-135,Una.Hirthe33@gmail.com,
905,Ulises,Heidenreich,female,6382 Roberts Courts,Johnsboro,501-250-696,Oral_Runolfsson98@hotmail.com,
906,Macie,Heathcote,female,86380 Dusty Centers,Volkmanstead,501-941-328,Sabrina.Ratke@hotmail.com,
907,Dane,Abernathy,male,15448 Shields Burgs,New Kennafurt,501-000-069,Lauryn16@gmail.com,
908,Tessie,Johns,male,7681 Hayes Ranch,Lewisville,501-780-363,Gabriel_Schaefer@gmail.com,
909,Louie,Dooley,female,63661 Langosh Extension,Port Montanafield,501-243-378,Melyssa27@gmail.com,
910,Tia,Padberg,male,40011 Jake Heights,Lake Taylorville,501-661-257,Dangelo_Koch@yahoo.com,
911,Citlalli,Kohler,female,1628 Herzog Mill,Kleinton,501-899-769,Autumn_Fritsch81@hotmail.com,
912,Carley,Boehm,male,24781 Morissette Lock,West Erich,501-807-210,Edgardo.Kuhlman@yahoo.com,
913,Jerome,Hamill,female,165 Lindgren Ranch,Port Raoul,501-858-778,Augustine.Corwin@gmail.com,
914,Carolyn,Bernier,male,657 Langosh Mission,North Icie,501-043-597,Leora_Wilkinson@hotmail.com,
976,River,Ullrich,male,9624 Karley Views,Wisokycester,501-935-351,Jackeline.Auer@gmail.com,
915,Francisca,Bernier,female,91268 Abbott Mills,South Curtisbury,501-875-210,Mozelle20@yahoo.com,
916,Karen,Kihn,male,432 Pacocha Avenue,Grapevine,501-394-560,Camylle.Brekke61@yahoo.com,
917,Johathan,Hansen,female,465 Harris Overpass,Gibsonfort,501-949-293,Gaetano_Blanda@gmail.com,
918,Jackeline,Gutkowski,male,18996 Larkin Coves,Fort Naomiside,501-472-150,Hulda.Gibson33@hotmail.com,
919,Madison,Johns,male,24607 Jordane Trace,Fritschhaven,501-740-976,Lucious41@gmail.com,
920,Lawson,Skiles,male,32983 Cormier Ville,Port Lelatown,501-748-863,Cory81@gmail.com,
921,Solon,Hirthe,male,29564 Heathcote Expressway,South Audrastead,501-086-606,Danika_Bailey3@yahoo.com,
922,Jermaine,Kassulke,male,9552 Gerlach Manors,Ricehaven,501-989-616,Domenico.Cormier98@gmail.com,
923,Pink,Kuvalis,female,57705 Donnelly Trace,South Jacky,501-468-407,Meghan.Morissette@gmail.com,
924,Laurel,Wiegand,female,6947 Klein Drives,Walshshire,501-022-336,Lauriane_Torphy47@yahoo.com,
925,Maryam,Von,female,5308 Goldner Centers,Macon-Bibb County,501-342-121,Cecile72@hotmail.com,
926,Julien,Adams,female,58455 O'Keefe Place,Joeville,501-085-198,Dereck7@hotmail.com,
927,Madalyn,Romaguera,male,010 Deckow Loop,New Beaulahmouth,501-955-623,Dorcas83@yahoo.com,
928,Keely,Pacocha,male,6293 Avis Courts,Santinaborough,501-440-929,Emiliano3@yahoo.com,
929,Genevieve,Nader,male,352 Keeling Pine,Gislasonview,501-113-078,Nathanial_Herzog0@gmail.com,
930,Roy,Hirthe,female,0987 Tia Overpass,Westland,501-094-735,Shanie.Green@yahoo.com,
931,Eliezer,Smith,female,1174 Gutmann Fort,West Lemuel,501-695-752,Gerald_Miller@hotmail.com,
932,Isobel,Hirthe,male,542 Wilmer Ferry,Kiehnstad,501-838-438,Abagail72@yahoo.com,
933,Caden,Douglas,male,500 Stehr Passage,Santa Clara,501-743-785,Selena94@hotmail.com,
934,Rosella,Larson,male,2983 Hand Via,Pomona,501-319-966,Maye85@yahoo.com,
935,Beatrice,Hegmann,male,65792 Dickens Corner,Cassidyhaven,501-377-356,Alexandria.Pfeffer@gmail.com,
936,August,Renner,male,19550 Eliane Estates,South Tyrafurt,501-899-843,Freddy.Goodwin69@yahoo.com,
937,Ronny,Herzog,female,176 Reese Knolls,Ceres,501-759-249,Hollis.King27@hotmail.com,
938,Aletha,Senger,female,8422 Mosciski Junction,Port Camilla,501-826-265,Robin_Johnston23@gmail.com,
939,Idella,Sawayn,female,729 Simone Overpass,Grand Prairie,501-307-126,Adolf.Hills80@gmail.com,
940,Rosalind,Frami,female,48478 Reynolds Ports,Oranstad,501-118-167,Shaniya44@hotmail.com,
941,Aidan,Abernathy,female,4727 Marielle Fords,Loweland,501-471-210,Noemie55@yahoo.com,
942,Petra,Gorczany,female,8488 Kaylah Orchard,Spencerfield,501-500-134,Mireille_Fahey@hotmail.com,
943,Zella,Romaguera,male,406 Rhianna Summit,East Guadalupebury,501-127-235,Reymundo4@yahoo.com,
944,Reece,Price,male,522 Wiza Creek,West Nellie,501-096-354,Donavon.Kemmer@hotmail.com,
945,Claudie,Emmerich,female,58160 Trever Circles,Tamarac,501-327-239,Rory33@gmail.com,
946,Adrian,Bayer,female,5953 Jensen Forest,South Emersonstead,501-931-117,Adelia_Weber16@hotmail.com,
947,Willow,Shields,female,7419 Earnest Flat,Gussiehaven,501-905-840,Ibrahim.Schulist0@hotmail.com,
948,Tyrel,Kassulke,female,939 Kian Brook,University,501-954-193,Cedrick_Spinka@hotmail.com,
949,Lucie,Price,male,2414 Hollie Lock,Fort Elliotton,501-183-149,Blaze.Herman4@gmail.com,
950,Lorenz,Kilback,female,1945 Leannon Divide,Krajcikview,501-716-760,Thora.Hane25@yahoo.com,
951,Wallace,Schamberger,male,49728 Germaine Forest,Rockwall,501-146-206,Missouri_Bergstrom@gmail.com,
952,Adelle,Mitchell,female,77017 Coty Highway,Skylarville,501-947-629,Willy32@hotmail.com,
953,Zora,Grady,female,16126 Kemmer Street,Little Rock,501-891-359,Annabel.Jast@hotmail.com,
954,Antwan,Lang,female,5545 Blaze Plain,South Loumouth,501-315-236,Daphnee77@yahoo.com,
955,Dean,Trantow,female,853 Ankunding Cove,Lake Ahmed,501-011-609,Sean_Boyle51@hotmail.com,
956,Gina,Conroy,female,04405 Daniel Lake,Port Derick,501-661-546,Tre.Heidenreich40@gmail.com,
957,Dustin,Terry,female,827 Jerde Streets,Gloriachester,501-294-754,Maryse.Price@hotmail.com,
958,Wilburn,Baumbach,female,77801 Kub Street,Bradport,501-281-670,Joshuah_Mohr@hotmail.com,
959,Emma,Flatley,female,7524 Maddison Radial,O'Keefeland,501-934-133,Clara66@hotmail.com,
960,Okey,Daniel,female,357 Haylie Cape,Tommiestead,501-436-199,Alisa.Wiza@gmail.com,
961,Armand,Tremblay,male,291 Jovan Parkway,Lavernchester,501-139-144,Donny_Batz87@hotmail.com,
962,Hubert,Marquardt,female,939 McCullough Union,Blickfield,501-560-201,Forest_Kerluke90@gmail.com,
963,Georgette,Hilpert,female,4880 Daugherty Station,McLaughlinhaven,501-666-060,Cordell.Raynor@yahoo.com,
964,Leilani,Watsica,female,3490 Kovacek Rapids,New Olinville,501-251-699,Elroy.Reichert60@yahoo.com,
965,Danny,Labadie,female,2222 Larkin Run,Brownsville,501-701-023,Marjory.McDermott@gmail.com,
966,Jordan,White,male,8897 Lilly Terrace,Grand Rapids,501-006-206,Kamron.Dare@gmail.com,
967,Luisa,Herzog,female,82073 Nikolaus Hollow,Lake Erwin,501-438-931,Nora62@gmail.com,
968,Sasha,Schaden,male,5611 Nikolaus Walks,Port Scotty,501-023-185,Yoshiko19@hotmail.com,
969,Elsie,Rohan,male,5220 Kreiger Valley,North Yvonne,501-065-958,Palma99@gmail.com,
970,Cyril,Swift,male,7604 Jed Ramp,Shannonshire,501-498-325,Dorris_Adams@gmail.com,
971,Kathlyn,Bernhard,female,71429 Mann Courts,Lake Marie,501-850-302,Matteo.Feil@hotmail.com,
972,Duane,Raynor,female,4731 Becker Freeway,Lake Gennarobury,501-163-691,Vern83@yahoo.com,
973,Salvatore,Hermiston,female,7175 Nienow Shoal,Gorczanyhaven,501-767-389,Mozelle_Witting@yahoo.com,
974,Elijah,Ortiz,male,378 Stehr Hill,Redondo Beach,501-938-560,Jane.Friesen47@gmail.com,
975,Eliza,Rogahn,female,7198 Blanche Burgs,Steuberfurt,501-751-641,Roel_Prosacco@yahoo.com,
977,Obie,Ledner,female,6185 Otis Cape,West Deonteboro,501-305-597,Libby50@yahoo.com,
978,Arvel,Hudson,male,76683 Adrain Rue,Mikestad,501-762-192,Marietta98@yahoo.com,
979,Brenna,Zboncak,male,20158 Eduardo Burgs,Daytona Beach,501-224-198,Freeda.Wiza@gmail.com,
980,Clementina,Marks,female,4454 Stacy Gardens,Walkerstead,501-885-416,Selena_Feeney@gmail.com,
981,Antonietta,Hansen,male,08684 Torp Station,Emmymouth,501-931-478,Ivory89@yahoo.com,
982,Vivian,Beer,male,81431 Anita Knolls,Dorthaville,501-126-584,Lucy.Lubowitz76@hotmail.com,
983,Kristin,Rempel,female,34117 Tillman Valleys,Wellingtonfield,501-964-442,Linwood.Conroy@yahoo.com,
984,Ruthe,Hilll,female,1262 Powlowski Union,Carson City,501-364-293,Lexie63@hotmail.com,
985,Fleta,Beer,male,03551 Evie Views,Port Bulah,501-941-884,Jeffry95@gmail.com,
986,Johan,Bechtelar,male,230 Abshire Vista,Hutchinson,501-200-391,Lorenzo.Smith@gmail.com,
987,Jaqueline,Beier,female,478 Jason Corners,Quincy,501-056-851,Shad_Price98@gmail.com,
988,Deja,Weimann,female,5602 Reinger Square,South Clarissa,501-922-935,Britney.Schuppe@gmail.com,
989,Cesar,Towne,female,1149 Torphy Skyway,Yasmineshire,501-829-082,Annabell74@gmail.com,
990,Wayne,Lehner,female,79568 Wisoky Dale,New Nestor,501-576-698,Zula_Macejkovic@gmail.com,
991,Henry,Glover,male,4558 Shanny Park,Monahanstead,501-526-558,Stephanie_Fritsch@gmail.com,
992,Nathaniel,Erdman,female,8128 Dejah Camp,Port Celestino,501-015-839,Antoinette.Maggio82@gmail.com,
993,Dejon,Streich,female,08941 Kirlin Junctions,Abigailchester,501-256-789,Rosella.Bernhard69@yahoo.com,
994,Tevin,Cole,male,438 Brigitte Mall,Aleenburgh,501-626-160,Columbus6@yahoo.com,
995,Kieran,Collins,male,9675 Daugherty Crossing,North Levihaven,501-894-215,Montana.Borer94@gmail.com,
996,Johnpaul,Renner,male,767 Prince Harbor,Ottoland,501-814-494,Bill.Yundt@yahoo.com,
997,Jesus,Grimes,female,134 Schimmel Islands,Mullerport,501-292-401,Viva_Schaden27@yahoo.com,
998,Tracy,Pfeffer,male,9759 Clay Heights,Longview,501-755-098,Olen.Kemmer34@yahoo.com,
999,Alvah,Towne,female,769 Kristopher Heights,Graysonchester,501-407-745,Jolie_Wisoky42@yahoo.com,
1000,Reid,Mitchell,male,6167 Felicita Field,Westfield,501-821-551,Edgar50@gmail.com,
